"series_id","state","year","period","label","value","month_net_change","month_percent_change","state_fips","x12_month_net_change","x12_month_percent_change"
"LASST010000000000004","Alabama",2023,"M01","2023 Jan",52681,-6650,-11.2,1,-6650,-11.2
"LASST010000000000004","Alabama",2023,"M02","2023 Feb",52405,-6148,-10.5,1,-6148,-10.5
"LASST010000000000004","Alabama",2023,"M03","2023 Mar",52523,-5699,-9.8,1,-5699,-9.8
"LASST010000000000004","Alabama",2023,"M04","2023 Apr",52990,-5218,-9,1,-5218,-9
"LASST010000000000004","Alabama",2023,"M05","2023 May",53828,-4488,-7.7,1,-4488,-7.7
"LASST010000000000004","Alabama",2023,"M06","2023 Jun",54898,-3546,-6.1,1,-3546,-6.1
"LASST010000000000004","Alabama",2023,"M07","2023 Jul",56256,-2206,-3.8,1,-2206,-3.8
"LASST010000000000004","Alabama",2023,"M08","2023 Aug",57918,-208,-0.4,1,-208,-0.4
"LASST010000000000004","Alabama",2023,"M09","2023 Sep",59879,2641,4.6,1,2641,4.6
"LASST010000000000004","Alabama",2023,"M10","2023 Oct",62066,6043,10.8,1,6043,10.8
"LASST010000000000004","Alabama",2023,"M11","2023 Nov",64285,9627,17.6,1,9627,17.6
"LASST010000000000004","Alabama",2023,"M12","2023 Dec",66085,12644,23.7,1,12644,23.7
"LASST010000000000004","Alabama",2024,"M01","2024 Jan",67070,14389,27.3,1,14389,27.3
"LASST010000000000004","Alabama",2024,"M02","2024 Feb",67418,15013,28.6,1,15013,28.6
"LASST010000000000004","Alabama",2024,"M03","2024 Mar",67611,15088,28.7,1,15088,28.7
"LASST010000000000004","Alabama",2024,"M04","2024 Apr",67918,14928,28.2,1,14928,28.2
"LASST010000000000004","Alabama",2024,"M05","2024 May",68419,14591,27.1,1,14591,27.1
"LASST010000000000004","Alabama",2024,"M06","2024 Jun",69242,14344,26.1,1,14344,26.1
"LASST010000000000004","Alabama",2024,"M07","2024 Jul",70408,14152,25.2,1,14152,25.2
"LASST010000000000004","Alabama",2024,"M08","2024 Aug",71683,13765,23.8,1,13765,23.8
"LASST010000000000004","Alabama",2024,"M09","2024 Sep",72683,12804,21.4,1,12804,21.4
"LASST010000000000004","Alabama",2024,"M10","2024 Oct",73156,11090,17.9,1,11090,17.9
"LASST010000000000004","Alabama",2024,"M11","2024 Nov",73159,8874,13.8,1,8874,13.8
"LASST010000000000004","Alabama",2024,"M12","2024 Dec",72913,6828,10.3,1,6828,10.3
"LASST010000000000004","Alabama",2025,"M01","2025 Jan",72543,5473,8.2,1,5473,8.2
"LASST010000000000004","Alabama",2025,"M02","2025 Feb",71929,4511,6.7,1,4511,6.7
"LASST010000000000004","Alabama",2025,"M03","2025 Mar",70862,3251,4.8,1,3251,4.8
"LASST010000000000004","Alabama",2025,"M04","2025 Apr",69591,1673,2.5,1,1673,2.5
"LASST010000000000004","Alabama",2025,"M05","2025 May",68517,98,0.1,1,98,0.1
"LASST010000000000004","Alabama",2025,"M06","2025 Jun",67728,-1514,-2.2,1,-1514,-2.2
"LASST010000000000004","Alabama",2025,"M07","2025 Jul",66983,-3425,-4.9,1,-3425,-4.9
"LASST010000000000004","Alabama",2025,"M08","2025 Aug",66290,-5393,-7.5,1,-5393,-7.5
"LASST010000000000004","Alabama",2025,"M09","2025 Sep",65692,-6991,-9.6,1,-6991,-9.6
"LASST010000000000004","Alabama",2025,"M10","2025 Oct",NA,NA,NA,1,NA,NA
"LASST010000000000004","Alabama",2025,"M11","2025 Nov",64802,-8357,-11.4,1,-8357,-11.4
"LASST010000000000004","Alabama",2025,"M12","2025 Dec",64776,-8137,-11.2,1,-8137,-11.2
"LASST020000000000004","Alaska",2023,"M01","2023 Jan",14657,-4104,-21.9,2,-4104,-21.9
"LASST020000000000004","Alaska",2023,"M02","2023 Feb",14635,-3048,-17.2,2,-3048,-17.2
"LASST020000000000004","Alaska",2023,"M03","2023 Mar",14607,-2088,-12.5,2,-2088,-12.5
"LASST020000000000004","Alaska",2023,"M04","2023 Apr",14620,-1420,-8.9,2,-1420,-8.9
"LASST020000000000004","Alaska",2023,"M05","2023 May",14736,-711,-4.6,2,-711,-4.6
"LASST020000000000004","Alaska",2023,"M06","2023 Jun",14934,0,0,2,0,0
"LASST020000000000004","Alaska",2023,"M07","2023 Jul",15196,851,5.9,2,851,5.9
"LASST020000000000004","Alaska",2023,"M08","2023 Aug",15475,1734,12.6,2,1734,12.6
"LASST020000000000004","Alaska",2023,"M09","2023 Sep",15719,1584,11.2,2,1584,11.2
"LASST020000000000004","Alaska",2023,"M10","2023 Oct",15905,1485,10.3,2,1485,10.3
"LASST020000000000004","Alaska",2023,"M11","2023 Nov",16037,1445,9.9,2,1445,9.9
"LASST020000000000004","Alaska",2023,"M12","2023 Dec",16097,1446,9.9,2,1446,9.9
"LASST020000000000004","Alaska",2024,"M01","2024 Jan",16081,1424,9.7,2,1424,9.7
"LASST020000000000004","Alaska",2024,"M02","2024 Feb",16055,1420,9.7,2,1420,9.7
"LASST020000000000004","Alaska",2024,"M03","2024 Mar",16087,1480,10.1,2,1480,10.1
"LASST020000000000004","Alaska",2024,"M04","2024 Apr",16161,1541,10.5,2,1541,10.5
"LASST020000000000004","Alaska",2024,"M05","2024 May",16250,1514,10.3,2,1514,10.3
"LASST020000000000004","Alaska",2024,"M06","2024 Jun",16358,1424,9.5,2,1424,9.5
"LASST020000000000004","Alaska",2024,"M07","2024 Jul",16473,1277,8.4,2,1277,8.4
"LASST020000000000004","Alaska",2024,"M08","2024 Aug",16561,1086,7,2,1086,7
"LASST020000000000004","Alaska",2024,"M09","2024 Sep",16599,880,5.6,2,880,5.6
"LASST020000000000004","Alaska",2024,"M10","2024 Oct",16570,665,4.2,2,665,4.2
"LASST020000000000004","Alaska",2024,"M11","2024 Nov",16517,480,3,2,480,3
"LASST020000000000004","Alaska",2024,"M12","2024 Dec",16497,400,2.5,2,400,2.5
"LASST020000000000004","Alaska",2025,"M01","2025 Jan",16527,446,2.8,2,446,2.8
"LASST020000000000004","Alaska",2025,"M02","2025 Feb",16587,532,3.3,2,532,3.3
"LASST020000000000004","Alaska",2025,"M03","2025 Mar",16637,550,3.4,2,550,3.4
"LASST020000000000004","Alaska",2025,"M04","2025 Apr",16693,532,3.3,2,532,3.3
"LASST020000000000004","Alaska",2025,"M05","2025 May",16737,487,3,2,487,3
"LASST020000000000004","Alaska",2025,"M06","2025 Jun",16762,404,2.5,2,404,2.5
"LASST020000000000004","Alaska",2025,"M07","2025 Jul",16843,370,2.2,2,370,2.2
"LASST020000000000004","Alaska",2025,"M08","2025 Aug",17003,442,2.7,2,442,2.7
"LASST020000000000004","Alaska",2025,"M09","2025 Sep",17229,630,3.8,2,630,3.8
"LASST020000000000004","Alaska",2025,"M10","2025 Oct",NA,NA,NA,2,NA,NA
"LASST020000000000004","Alaska",2025,"M11","2025 Nov",17537,1020,6.2,2,1020,6.2
"LASST020000000000004","Alaska",2025,"M12","2025 Dec",17531,1034,6.3,2,1034,6.3
"LASST040000000000004","Arizona",2023,"M01","2023 Jan",133643,4349,3.4,4,4349,3.4
"LASST040000000000004","Arizona",2023,"M02","2023 Feb",133037,3585,2.8,4,3585,2.8
"LASST040000000000004","Arizona",2023,"M03","2023 Mar",133189,2796,2.1,4,2796,2.1
"LASST040000000000004","Arizona",2023,"M04","2023 Apr",133786,2162,1.6,4,2162,1.6
"LASST040000000000004","Arizona",2023,"M05","2023 May",134837,1958,1.5,4,1958,1.5
"LASST040000000000004","Arizona",2023,"M06","2023 Jun",136027,1629,1.2,4,1629,1.2
"LASST040000000000004","Arizona",2023,"M07","2023 Jul",137290,1059,0.8,4,1059,0.8
"LASST040000000000004","Arizona",2023,"M08","2023 Aug",138447,595,0.4,4,595,0.4
"LASST040000000000004","Arizona",2023,"M09","2023 Sep",139105,763,0.6,4,763,0.6
"LASST040000000000004","Arizona",2023,"M10","2023 Oct",138828,948,0.7,4,948,0.7
"LASST040000000000004","Arizona",2023,"M11","2023 Nov",137271,628,0.5,4,628,0.5
"LASST040000000000004","Arizona",2023,"M12","2023 Dec",134444,-526,-0.4,4,-526,-0.4
"LASST040000000000004","Arizona",2024,"M01","2024 Jan",130908,-2735,-2,4,-2735,-2
"LASST040000000000004","Arizona",2024,"M02","2024 Feb",128174,-4863,-3.7,4,-4863,-3.7
"LASST040000000000004","Arizona",2024,"M03","2024 Mar",127440,-5749,-4.3,4,-5749,-4.3
"LASST040000000000004","Arizona",2024,"M04","2024 Apr",128771,-5015,-3.7,4,-5015,-3.7
"LASST040000000000004","Arizona",2024,"M05","2024 May",131543,-3294,-2.4,4,-3294,-2.4
"LASST040000000000004","Arizona",2024,"M06","2024 Jun",135127,-900,-0.7,4,-900,-0.7
"LASST040000000000004","Arizona",2024,"M07","2024 Jul",139023,1733,1.3,4,1733,1.3
"LASST040000000000004","Arizona",2024,"M08","2024 Aug",142720,4273,3.1,4,4273,3.1
"LASST040000000000004","Arizona",2024,"M09","2024 Sep",145999,6894,5,4,6894,5
"LASST040000000000004","Arizona",2024,"M10","2024 Oct",148826,9998,7.2,4,9998,7.2
"LASST040000000000004","Arizona",2024,"M11","2024 Nov",151534,14263,10.4,4,14263,10.4
"LASST040000000000004","Arizona",2024,"M12","2024 Dec",154394,19950,14.8,4,19950,14.8
"LASST040000000000004","Arizona",2025,"M01","2025 Jan",157097,26189,20,4,26189,20
"LASST040000000000004","Arizona",2025,"M02","2025 Feb",159019,30845,24.1,4,30845,24.1
"LASST040000000000004","Arizona",2025,"M03","2025 Mar",159943,32503,25.5,4,32503,25.5
"LASST040000000000004","Arizona",2025,"M04","2025 Apr",160721,31950,24.8,4,31950,24.8
"LASST040000000000004","Arizona",2025,"M05","2025 May",161831,30288,23,4,30288,23
"LASST040000000000004","Arizona",2025,"M06","2025 Jun",163235,28108,20.8,4,28108,20.8
"LASST040000000000004","Arizona",2025,"M07","2025 Jul",164814,25791,18.6,4,25791,18.6
"LASST040000000000004","Arizona",2025,"M08","2025 Aug",166319,23599,16.5,4,23599,16.5
"LASST040000000000004","Arizona",2025,"M09","2025 Sep",167450,21451,14.7,4,21451,14.7
"LASST040000000000004","Arizona",2025,"M10","2025 Oct",NA,NA,NA,4,NA,NA
"LASST040000000000004","Arizona",2025,"M11","2025 Nov",167615,16081,10.6,4,16081,10.6
"LASST040000000000004","Arizona",2025,"M12","2025 Dec",167319,12925,8.4,4,12925,8.4
"LASST050000000000004","Arkansas",2023,"M01","2023 Jan",40320,-2492,-5.8,5,-2492,-5.8
"LASST050000000000004","Arkansas",2023,"M02","2023 Feb",39684,-3300,-7.7,5,-3300,-7.7
"LASST050000000000004","Arkansas",2023,"M03","2023 Mar",39471,-3674,-8.5,5,-3674,-8.5
"LASST050000000000004","Arkansas",2023,"M04","2023 Apr",39815,-3516,-8.1,5,-3516,-8.1
"LASST050000000000004","Arkansas",2023,"M05","2023 May",40805,-2668,-6.1,5,-2668,-6.1
"LASST050000000000004","Arkansas",2023,"M06","2023 Jun",42224,-1402,-3.2,5,-1402,-3.2
"LASST050000000000004","Arkansas",2023,"M07","2023 Jul",43898,80,0.2,5,80,0.2
"LASST050000000000004","Arkansas",2023,"M08","2023 Aug",45575,1598,3.6,5,1598,3.6
"LASST050000000000004","Arkansas",2023,"M09","2023 Sep",46955,3225,7.4,5,3225,7.4
"LASST050000000000004","Arkansas",2023,"M10","2023 Oct",47876,4684,10.8,5,4684,10.8
"LASST050000000000004","Arkansas",2023,"M11","2023 Nov",48274,5966,14.1,5,5966,14.1
"LASST050000000000004","Arkansas",2023,"M12","2023 Dec",48231,6984,16.9,5,6984,16.9
"LASST050000000000004","Arkansas",2024,"M01","2024 Jan",47918,7598,18.8,5,7598,18.8
"LASST050000000000004","Arkansas",2024,"M02","2024 Feb",47697,8013,20.2,5,8013,20.2
"LASST050000000000004","Arkansas",2024,"M03","2024 Mar",47777,8306,21,5,8306,21
"LASST050000000000004","Arkansas",2024,"M04","2024 Apr",48014,8199,20.6,5,8199,20.6
"LASST050000000000004","Arkansas",2024,"M05","2024 May",48288,7483,18.3,5,7483,18.3
"LASST050000000000004","Arkansas",2024,"M06","2024 Jun",48606,6382,15.1,5,6382,15.1
"LASST050000000000004","Arkansas",2024,"M07","2024 Jul",49019,5121,11.7,5,5121,11.7
"LASST050000000000004","Arkansas",2024,"M08","2024 Aug",49516,3941,8.6,5,3941,8.6
"LASST050000000000004","Arkansas",2024,"M09","2024 Sep",50189,3234,6.9,5,3234,6.9
"LASST050000000000004","Arkansas",2024,"M10","2024 Oct",51056,3180,6.6,5,3180,6.6
"LASST050000000000004","Arkansas",2024,"M11","2024 Nov",52054,3780,7.8,5,3780,7.8
"LASST050000000000004","Arkansas",2024,"M12","2024 Dec",53119,4888,10.1,5,4888,10.1
"LASST050000000000004","Arkansas",2025,"M01","2025 Jan",54116,6198,12.9,5,6198,12.9
"LASST050000000000004","Arkansas",2025,"M02","2025 Feb",54897,7200,15.1,5,7200,15.1
"LASST050000000000004","Arkansas",2025,"M03","2025 Mar",55426,7649,16,5,7649,16
"LASST050000000000004","Arkansas",2025,"M04","2025 Apr",55965,7951,16.6,5,7951,16.6
"LASST050000000000004","Arkansas",2025,"M05","2025 May",56618,8330,17.3,5,8330,17.3
"LASST050000000000004","Arkansas",2025,"M06","2025 Jun",57418,8812,18.1,5,8812,18.1
"LASST050000000000004","Arkansas",2025,"M07","2025 Jul",58566,9547,19.5,5,9547,19.5
"LASST050000000000004","Arkansas",2025,"M08","2025 Aug",59945,10429,21.1,5,10429,21.1
"LASST050000000000004","Arkansas",2025,"M09","2025 Sep",61273,11084,22.1,5,11084,22.1
"LASST050000000000004","Arkansas",2025,"M10","2025 Oct",NA,NA,NA,5,NA,NA
"LASST050000000000004","Arkansas",2025,"M11","2025 Nov",62349,10295,19.8,5,10295,19.8
"LASST050000000000004","Arkansas",2025,"M12","2025 Dec",62197,9078,17.1,5,9078,17.1
"LASST060000000000004","California",2023,"M01","2023 Jan",859472,-138520,-13.9,6,-138520,-13.9
"LASST060000000000004","California",2023,"M02","2023 Feb",871242,-53243,-5.8,6,-53243,-5.8
"LASST060000000000004","California",2023,"M03","2023 Mar",879060,17142,2,6,17142,2
"LASST060000000000004","California",2023,"M04","2023 Apr",884015,59437,7.2,6,59437,7.2
"LASST060000000000004","California",2023,"M05","2023 May",889923,94866,11.9,6,94866,11.9
"LASST060000000000004","California",2023,"M06","2023 Jun",898193,125068,16.2,6,125068,16.2
"LASST060000000000004","California",2023,"M07","2023 Jul",910843,162349,21.7,6,162349,21.7
"LASST060000000000004","California",2023,"M08","2023 Aug",928862,203695,28.1,6,203695,28.1
"LASST060000000000004","California",2023,"M09","2023 Sep",949770,185641,24.3,6,185641,24.3
"LASST060000000000004","California",2023,"M10","2023 Oct",970264,172544,21.6,6,172544,21.6
"LASST060000000000004","California",2023,"M11","2023 Nov",987983,163614,19.8,6,163614,19.8
"LASST060000000000004","California",2023,"M12","2023 Dec",999814,155817,18.5,6,155817,18.5
"LASST060000000000004","California",2024,"M01","2024 Jan",1003849,144377,16.8,6,144377,16.8
"LASST060000000000004","California",2024,"M02","2024 Feb",1005323,134081,15.4,6,134081,15.4
"LASST060000000000004","California",2024,"M03","2024 Mar",1010440,131380,14.9,6,131380,14.9
"LASST060000000000004","California",2024,"M04","2024 Apr",1019907,135892,15.4,6,135892,15.4
"LASST060000000000004","California",2024,"M05","2024 May",1031964,142041,16,6,142041,16
"LASST060000000000004","California",2024,"M06","2024 Jun",1044872,146679,16.3,6,146679,16.3
"LASST060000000000004","California",2024,"M07","2024 Jul",1056799,145956,16,6,145956,16
"LASST060000000000004","California",2024,"M08","2024 Aug",1064953,136091,14.7,6,136091,14.7
"LASST060000000000004","California",2024,"M09","2024 Sep",1068020,118250,12.5,6,118250,12.5
"LASST060000000000004","California",2024,"M10","2024 Oct",1065794,95530,9.8,6,95530,9.8
"LASST060000000000004","California",2024,"M11","2024 Nov",1061421,73438,7.4,6,73438,7.4
"LASST060000000000004","California",2024,"M12","2024 Dec",1059516,59702,6,6,59702,6
"LASST060000000000004","California",2025,"M01","2025 Jan",1061763,57914,5.8,6,57914,5.8
"LASST060000000000004","California",2025,"M02","2025 Feb",1066644,61321,6.1,6,61321,6.1
"LASST060000000000004","California",2025,"M03","2025 Mar",1071411,60971,6,6,60971,6
"LASST060000000000004","California",2025,"M04","2025 Apr",1077039,57132,5.6,6,57132,5.6
"LASST060000000000004","California",2025,"M05","2025 May",1083897,51933,5,6,51933,5
"LASST060000000000004","California",2025,"M06","2025 Jun",1090607,45735,4.4,6,45735,4.4
"LASST060000000000004","California",2025,"M07","2025 Jul",1095262,38463,3.6,6,38463,3.6
"LASST060000000000004","California",2025,"M08","2025 Aug",1097164,32211,3,6,32211,3
"LASST060000000000004","California",2025,"M09","2025 Sep",1097295,29275,2.7,6,29275,2.7
"LASST060000000000004","California",2025,"M10","2025 Oct",NA,NA,NA,6,NA,NA
"LASST060000000000004","California",2025,"M11","2025 Nov",1094082,32661,3.1,6,32661,3.1
"LASST060000000000004","California",2025,"M12","2025 Dec",1093176,33660,3.2,6,33660,3.2
"LASST080000000000004","Colorado",2023,"M01","2023 Jan",95430,-30994,-24.5,8,-30994,-24.5
"LASST080000000000004","Colorado",2023,"M02","2023 Feb",96675,-19162,-16.5,8,-19162,-16.5
"LASST080000000000004","Colorado",2023,"M03","2023 Mar",98251,-7383,-7,8,-7383,-7
"LASST080000000000004","Colorado",2023,"M04","2023 Apr",100111,59,0.1,8,59,0.1
"LASST080000000000004","Colorado",2023,"M05","2023 May",102144,6050,6.3,8,6050,6.3
"LASST080000000000004","Colorado",2023,"M06","2023 Jun",103989,12480,13.6,8,12480,13.6
"LASST080000000000004","Colorado",2023,"M07","2023 Jul",105733,18635,21.4,8,18635,21.4
"LASST080000000000004","Colorado",2023,"M08","2023 Aug",107816,24969,30.1,8,24969,30.1
"LASST080000000000004","Colorado",2023,"M09","2023 Sep",110402,22609,25.8,8,22609,25.8
"LASST080000000000004","Colorado",2023,"M10","2023 Oct",113352,21935,24,8,21935,24
"LASST080000000000004","Colorado",2023,"M11","2023 Nov",116682,23079,24.7,8,23079,24.7
"LASST080000000000004","Colorado",2023,"M12","2023 Dec",120100,25512,27,8,25512,27
"LASST080000000000004","Colorado",2024,"M01","2024 Jan",122981,27551,28.9,8,27551,28.9
"LASST080000000000004","Colorado",2024,"M02","2024 Feb",125273,28598,29.6,8,28598,29.6
"LASST080000000000004","Colorado",2024,"M03","2024 Mar",127503,29252,29.8,8,29252,29.8
"LASST080000000000004","Colorado",2024,"M04","2024 Apr",129849,29738,29.7,8,29738,29.7
"LASST080000000000004","Colorado",2024,"M05","2024 May",132391,30247,29.6,8,30247,29.6
"LASST080000000000004","Colorado",2024,"M06","2024 Jun",135160,31171,30,8,31171,30
"LASST080000000000004","Colorado",2024,"M07","2024 Jul",137912,32179,30.4,8,32179,30.4
"LASST080000000000004","Colorado",2024,"M08","2024 Aug",140099,32283,29.9,8,32283,29.9
"LASST080000000000004","Colorado",2024,"M09","2024 Sep",141411,31009,28.1,8,31009,28.1
"LASST080000000000004","Colorado",2024,"M10","2024 Oct",141897,28545,25.2,8,28545,25.2
"LASST080000000000004","Colorado",2024,"M11","2024 Nov",141863,25181,21.6,8,25181,21.6
"LASST080000000000004","Colorado",2024,"M12","2024 Dec",141636,21536,17.9,8,21536,17.9
"LASST080000000000004","Colorado",2025,"M01","2025 Jan",141216,18235,14.8,8,18235,14.8
"LASST080000000000004","Colorado",2025,"M02","2025 Feb",140342,15069,12,8,15069,12
"LASST080000000000004","Colorado",2025,"M03","2025 Mar",138565,11062,8.7,8,11062,8.7
"LASST080000000000004","Colorado",2025,"M04","2025 Apr",135942,6093,4.7,8,6093,4.7
"LASST080000000000004","Colorado",2025,"M05","2025 May",132989,598,0.5,8,598,0.5
"LASST080000000000004","Colorado",2025,"M06","2025 Jun",130165,-4995,-3.7,8,-4995,-3.7
"LASST080000000000004","Colorado",2025,"M07","2025 Jul",127637,-10275,-7.5,8,-10275,-7.5
"LASST080000000000004","Colorado",2025,"M08","2025 Aug",125867,-14232,-10.2,8,-14232,-10.2
"LASST080000000000004","Colorado",2025,"M09","2025 Sep",125075,-16336,-11.6,8,-16336,-11.6
"LASST080000000000004","Colorado",2025,"M10","2025 Oct",NA,NA,NA,8,NA,NA
"LASST080000000000004","Colorado",2025,"M11","2025 Nov",124951,-16912,-11.9,8,-16912,-11.9
"LASST080000000000004","Colorado",2025,"M12","2025 Dec",125077,-16559,-11.7,8,-16559,-11.7
"LASST090000000000004","Connecticut",2023,"M01","2023 Jan",63951,-29648,-31.7,9,-29648,-31.7
"LASST090000000000004","Connecticut",2023,"M02","2023 Feb",62103,-26597,-30,9,-26597,-30
"LASST090000000000004","Connecticut",2023,"M03","2023 Mar",60596,-23918,-28.3,9,-23918,-28.3
"LASST090000000000004","Connecticut",2023,"M04","2023 Apr",59429,-22975,-27.9,9,-22975,-27.9
"LASST090000000000004","Connecticut",2023,"M05","2023 May",58761,-21412,-26.7,9,-21412,-26.7
"LASST090000000000004","Connecticut",2023,"M06","2023 Jun",58605,-18958,-24.4,9,-18958,-24.4
"LASST090000000000004","Connecticut",2023,"M07","2023 Jul",59037,-15396,-20.7,9,-15396,-20.7
"LASST090000000000004","Connecticut",2023,"M08","2023 Aug",59979,-10693,-15.1,9,-10693,-15.1
"LASST090000000000004","Connecticut",2023,"M09","2023 Sep",61155,-9482,-13.4,9,-9482,-13.4
"LASST090000000000004","Connecticut",2023,"M10","2023 Oct",62193,-7529,-10.8,9,-7529,-10.8
"LASST090000000000004","Connecticut",2023,"M11","2023 Nov",62862,-5263,-7.7,9,-5263,-7.7
"LASST090000000000004","Connecticut",2023,"M12","2023 Dec",63015,-3034,-4.6,9,-3034,-4.6
"LASST090000000000004","Connecticut",2024,"M01","2024 Jan",62547,-1404,-2.2,9,-1404,-2.2
"LASST090000000000004","Connecticut",2024,"M02","2024 Feb",61799,-304,-0.5,9,-304,-0.5
"LASST090000000000004","Connecticut",2024,"M03","2024 Mar",61335,739,1.2,9,739,1.2
"LASST090000000000004","Connecticut",2024,"M04","2024 Apr",61346,1917,3.2,9,1917,3.2
"LASST090000000000004","Connecticut",2024,"M05","2024 May",61808,3047,5.2,9,3047,5.2
"LASST090000000000004","Connecticut",2024,"M06","2024 Jun",62611,4006,6.8,9,4006,6.8
"LASST090000000000004","Connecticut",2024,"M07","2024 Jul",63580,4543,7.7,9,4543,7.7
"LASST090000000000004","Connecticut",2024,"M08","2024 Aug",64530,4551,7.6,9,4551,7.6
"LASST090000000000004","Connecticut",2024,"M09","2024 Sep",65433,4278,7,9,4278,7
"LASST090000000000004","Connecticut",2024,"M10","2024 Oct",66324,4131,6.6,9,4131,6.6
"LASST090000000000004","Connecticut",2024,"M11","2024 Nov",67319,4457,7.1,9,4457,7.1
"LASST090000000000004","Connecticut",2024,"M12","2024 Dec",68550,5535,8.8,9,5535,8.8
"LASST090000000000004","Connecticut",2025,"M01","2025 Jan",69987,7440,11.9,9,7440,11.9
"LASST090000000000004","Connecticut",2025,"M02","2025 Feb",71412,9613,15.6,9,9613,15.6
"LASST090000000000004","Connecticut",2025,"M03","2025 Mar",72521,11186,18.2,9,11186,18.2
"LASST090000000000004","Connecticut",2025,"M04","2025 Apr",73432,12086,19.7,9,12086,19.7
"LASST090000000000004","Connecticut",2025,"M05","2025 May",74153,12345,20,9,12345,20
"LASST090000000000004","Connecticut",2025,"M06","2025 Jun",74867,12256,19.6,9,12256,19.6
"LASST090000000000004","Connecticut",2025,"M07","2025 Jul",76256,12676,19.9,9,12676,19.9
"LASST090000000000004","Connecticut",2025,"M08","2025 Aug",78355,13825,21.4,9,13825,21.4
"LASST090000000000004","Connecticut",2025,"M09","2025 Sep",80802,15369,23.5,9,15369,23.5
"LASST090000000000004","Connecticut",2025,"M10","2025 Oct",NA,NA,NA,9,NA,NA
"LASST090000000000004","Connecticut",2025,"M11","2025 Nov",83534,16215,24.1,9,16215,24.1
"LASST090000000000004","Connecticut",2025,"M12","2025 Dec",83387,14837,21.6,9,14837,21.6
"LASST100000000000004","Delaware",2023,"M01","2023 Jan",20333,-2374,-10.5,10,-2374,-10.5
"LASST100000000000004","Delaware",2023,"M02","2023 Feb",19999,-2065,-9.4,10,-2065,-9.4
"LASST100000000000004","Delaware",2023,"M03","2023 Mar",19696,-1913,-8.9,10,-1913,-8.9
"LASST100000000000004","Delaware",2023,"M04","2023 Apr",19488,-1764,-8.3,10,-1764,-8.3
"LASST100000000000004","Delaware",2023,"M05","2023 May",19453,-1552,-7.4,10,-1552,-7.4
"LASST100000000000004","Delaware",2023,"M06","2023 Jun",19556,-1239,-6,10,-1239,-6
"LASST100000000000004","Delaware",2023,"M07","2023 Jul",19755,-850,-4.1,10,-850,-4.1
"LASST100000000000004","Delaware",2023,"M08","2023 Aug",19987,-440,-2.2,10,-440,-2.2
"LASST100000000000004","Delaware",2023,"M09","2023 Sep",20161,-538,-2.6,10,-538,-2.6
"LASST100000000000004","Delaware",2023,"M10","2023 Oct",20209,-634,-3,10,-634,-3
"LASST100000000000004","Delaware",2023,"M11","2023 Nov",20126,-696,-3.3,10,-696,-3.3
"LASST100000000000004","Delaware",2023,"M12","2023 Dec",19939,-687,-3.3,10,-687,-3.3
"LASST100000000000004","Delaware",2024,"M01","2024 Jan",19696,-637,-3.1,10,-637,-3.1
"LASST100000000000004","Delaware",2024,"M02","2024 Feb",19555,-444,-2.2,10,-444,-2.2
"LASST100000000000004","Delaware",2024,"M03","2024 Mar",19616,-80,-0.4,10,-80,-0.4
"LASST100000000000004","Delaware",2024,"M04","2024 Apr",19817,329,1.7,10,329,1.7
"LASST100000000000004","Delaware",2024,"M05","2024 May",20044,591,3,10,591,3
"LASST100000000000004","Delaware",2024,"M06","2024 Jun",20194,638,3.3,10,638,3.3
"LASST100000000000004","Delaware",2024,"M07","2024 Jul",20228,473,2.4,10,473,2.4
"LASST100000000000004","Delaware",2024,"M08","2024 Aug",20158,171,0.9,10,171,0.9
"LASST100000000000004","Delaware",2024,"M09","2024 Sep",20081,-80,-0.4,10,-80,-0.4
"LASST100000000000004","Delaware",2024,"M10","2024 Oct",20093,-116,-0.6,10,-116,-0.6
"LASST100000000000004","Delaware",2024,"M11","2024 Nov",20288,162,0.8,10,162,0.8
"LASST100000000000004","Delaware",2024,"M12","2024 Dec",20708,769,3.9,10,769,3.9
"LASST100000000000004","Delaware",2025,"M01","2025 Jan",21280,1584,8,10,1584,8
"LASST100000000000004","Delaware",2025,"M02","2025 Feb",21878,2323,11.9,10,2323,11.9
"LASST100000000000004","Delaware",2025,"M03","2025 Mar",22410,2794,14.2,10,2794,14.2
"LASST100000000000004","Delaware",2025,"M04","2025 Apr",22929,3112,15.7,10,3112,15.7
"LASST100000000000004","Delaware",2025,"M05","2025 May",23440,3396,16.9,10,3396,16.9
"LASST100000000000004","Delaware",2025,"M06","2025 Jun",24002,3808,18.9,10,3808,18.9
"LASST100000000000004","Delaware",2025,"M07","2025 Jul",24797,4569,22.6,10,4569,22.6
"LASST100000000000004","Delaware",2025,"M08","2025 Aug",25758,5600,27.8,10,5600,27.8
"LASST100000000000004","Delaware",2025,"M09","2025 Sep",26721,6640,33.1,10,6640,33.1
"LASST100000000000004","Delaware",2025,"M10","2025 Oct",NA,NA,NA,10,NA,NA
"LASST100000000000004","Delaware",2025,"M11","2025 Nov",27606,7318,36.1,10,7318,36.1
"LASST100000000000004","Delaware",2025,"M12","2025 Dec",27510,6802,32.8,10,6802,32.8
"LASST120000000000004","Florida",2023,"M01","2023 Jan",306620,-66404,-17.8,12,-66404,-17.8
"LASST120000000000004","Florida",2023,"M02","2023 Feb",306468,-47449,-13.4,12,-47449,-13.4
"LASST120000000000004","Florida",2023,"M03","2023 Mar",306862,-32347,-9.5,12,-32347,-9.5
"LASST120000000000004","Florida",2023,"M04","2023 Apr",307490,-19599,-6,12,-19599,-6
"LASST120000000000004","Florida",2023,"M05","2023 May",312857,-6649,-2.1,12,-6649,-2.1
"LASST120000000000004","Florida",2023,"M06","2023 Jun",317747,4178,1.3,12,4178,1.3
"LASST120000000000004","Florida",2023,"M07","2023 Jul",323615,16613,5.4,12,16613,5.4
"LASST120000000000004","Florida",2023,"M08","2023 Aug",331409,27618,9.1,12,27618,9.1
"LASST120000000000004","Florida",2023,"M09","2023 Sep",336376,30429,9.9,12,30429,9.9
"LASST120000000000004","Florida",2023,"M10","2023 Oct",341611,31495,10.2,12,31495,10.2
"LASST120000000000004","Florida",2023,"M11","2023 Nov",344929,34872,11.2,12,34872,11.2
"LASST120000000000004","Florida",2023,"M12","2023 Dec",347872,39981,13,12,39981,13
"LASST120000000000004","Florida",2024,"M01","2024 Jan",349290,42670,13.9,12,42670,13.9
"LASST120000000000004","Florida",2024,"M02","2024 Feb",351964,45496,14.8,12,45496,14.8
"LASST120000000000004","Florida",2024,"M03","2024 Mar",356290,49428,16.1,12,49428,16.1
"LASST120000000000004","Florida",2024,"M04","2024 Apr",361661,54171,17.6,12,54171,17.6
"LASST120000000000004","Florida",2024,"M05","2024 May",368164,55307,17.7,12,55307,17.7
"LASST120000000000004","Florida",2024,"M06","2024 Jun",374415,56668,17.8,12,56668,17.8
"LASST120000000000004","Florida",2024,"M07","2024 Jul",379959,56344,17.4,12,56344,17.4
"LASST120000000000004","Florida",2024,"M08","2024 Aug",383556,52147,15.7,12,52147,15.7
"LASST120000000000004","Florida",2024,"M09","2024 Sep",384654,48278,14.4,12,48278,14.4
"LASST120000000000004","Florida",2024,"M10","2024 Oct",385601,43990,12.9,12,43990,12.9
"LASST120000000000004","Florida",2024,"M11","2024 Nov",386540,41611,12.1,12,41611,12.1
"LASST120000000000004","Florida",2024,"M12","2024 Dec",388734,40862,11.7,12,40862,11.7
"LASST120000000000004","Florida",2025,"M01","2025 Jan",392967,43677,12.5,12,43677,12.5
"LASST120000000000004","Florida",2025,"M02","2025 Feb",398164,46200,13.1,12,46200,13.1
"LASST120000000000004","Florida",2025,"M03","2025 Mar",402957,46667,13.1,12,46667,13.1
"LASST120000000000004","Florida",2025,"M04","2025 Apr",407875,46214,12.8,12,46214,12.8
"LASST120000000000004","Florida",2025,"M05","2025 May",412632,44468,12.1,12,44468,12.1
"LASST120000000000004","Florida",2025,"M06","2025 Jun",417802,43387,11.6,12,43387,11.6
"LASST120000000000004","Florida",2025,"M07","2025 Jul",428288,48329,12.7,12,48329,12.7
"LASST120000000000004","Florida",2025,"M08","2025 Aug",443760,60204,15.7,12,60204,15.7
"LASST120000000000004","Florida",2025,"M09","2025 Sep",461214,76560,19.9,12,76560,19.9
"LASST120000000000004","Florida",2025,"M10","2025 Oct",NA,NA,NA,12,NA,NA
"LASST120000000000004","Florida",2025,"M11","2025 Nov",480808,94268,24.4,12,94268,24.4
"LASST120000000000004","Florida",2025,"M12","2025 Dec",479324,90590,23.3,12,90590,23.3
"LASST130000000000004","Georgia",2023,"M01","2023 Jan",172835,9868,6.1,13,9868,6.1
"LASST130000000000004","Georgia",2023,"M02","2023 Feb",172827,11652,7.2,13,11652,7.2
"LASST130000000000004","Georgia",2023,"M03","2023 Mar",172446,12296,7.7,13,12296,7.7
"LASST130000000000004","Georgia",2023,"M04","2023 Apr",172026,12308,7.7,13,12308,7.7
"LASST130000000000004","Georgia",2023,"M05","2023 May",172258,12204,7.6,13,12204,7.6
"LASST130000000000004","Georgia",2023,"M06","2023 Jun",172999,11686,7.2,13,11686,7.2
"LASST130000000000004","Georgia",2023,"M07","2023 Jul",174177,10615,6.5,13,10615,6.5
"LASST130000000000004","Georgia",2023,"M08","2023 Aug",175424,9011,5.4,13,9011,5.4
"LASST130000000000004","Georgia",2023,"M09","2023 Sep",176100,7368,4.4,13,7368,4.4
"LASST130000000000004","Georgia",2023,"M10","2023 Oct",175949,5323,3.1,13,5323,3.1
"LASST130000000000004","Georgia",2023,"M11","2023 Nov",175345,3524,2.1,13,3524,2.1
"LASST130000000000004","Georgia",2023,"M12","2023 Dec",174712,2276,1.3,13,2276,1.3
"LASST130000000000004","Georgia",2024,"M01","2024 Jan",174505,1670,1,13,1670,1
"LASST130000000000004","Georgia",2024,"M02","2024 Feb",175848,3021,1.7,13,3021,1.7
"LASST130000000000004","Georgia",2024,"M03","2024 Mar",179121,6675,3.9,13,6675,3.9
"LASST130000000000004","Georgia",2024,"M04","2024 Apr",183338,11312,6.6,13,11312,6.6
"LASST130000000000004","Georgia",2024,"M05","2024 May",187269,15011,8.7,13,15011,8.7
"LASST130000000000004","Georgia",2024,"M06","2024 Jun",190037,17038,9.8,13,17038,9.8
"LASST130000000000004","Georgia",2024,"M07","2024 Jul",191423,17246,9.9,13,17246,9.9
"LASST130000000000004","Georgia",2024,"M08","2024 Aug",191362,15938,9.1,13,15938,9.1
"LASST130000000000004","Georgia",2024,"M09","2024 Sep",190246,14146,8,13,14146,8
"LASST130000000000004","Georgia",2024,"M10","2024 Oct",188455,12506,7.1,13,12506,7.1
"LASST130000000000004","Georgia",2024,"M11","2024 Nov",186620,11275,6.4,13,11275,6.4
"LASST130000000000004","Georgia",2024,"M12","2024 Dec",185317,10605,6.1,13,10605,6.1
"LASST130000000000004","Georgia",2025,"M01","2025 Jan",184452,9947,5.7,13,9947,5.7
"LASST130000000000004","Georgia",2025,"M02","2025 Feb",183625,7777,4.4,13,7777,4.4
"LASST130000000000004","Georgia",2025,"M03","2025 Mar",182373,3252,1.8,13,3252,1.8
"LASST130000000000004","Georgia",2025,"M04","2025 Apr",181097,-2241,-1.2,13,-2241,-1.2
"LASST130000000000004","Georgia",2025,"M05","2025 May",180022,-7247,-3.9,13,-7247,-3.9
"LASST130000000000004","Georgia",2025,"M06","2025 Jun",179580,-10457,-5.5,13,-10457,-5.5
"LASST130000000000004","Georgia",2025,"M07","2025 Jul",180613,-10810,-5.6,13,-10810,-5.6
"LASST130000000000004","Georgia",2025,"M08","2025 Aug",183110,-8252,-4.3,13,-8252,-4.3
"LASST130000000000004","Georgia",2025,"M09","2025 Sep",186527,-3719,-2,13,-3719,-2
"LASST130000000000004","Georgia",2025,"M10","2025 Oct",NA,NA,NA,13,NA,NA
"LASST130000000000004","Georgia",2025,"M11","2025 Nov",190562,3942,2.1,13,3942,2.1
"LASST130000000000004","Georgia",2025,"M12","2025 Dec",190351,5034,2.7,13,5034,2.7
"LASST150000000000004","Hawaii",2023,"M01","2023 Jan",20872,-17,-0.1,15,-17,-0.1
"LASST150000000000004","Hawaii",2023,"M02","2023 Feb",20333,-833,-3.9,15,-833,-3.9
"LASST150000000000004","Hawaii",2023,"M03","2023 Mar",19761,-1793,-8.3,15,-1793,-8.3
"LASST150000000000004","Hawaii",2023,"M04","2023 Apr",19258,-2677,-12.2,15,-2677,-12.2
"LASST150000000000004","Hawaii",2023,"M05","2023 May",18958,-3221,-14.5,15,-3221,-14.5
"LASST150000000000004","Hawaii",2023,"M06","2023 Jun",18838,-3472,-15.6,15,-3472,-15.6
"LASST150000000000004","Hawaii",2023,"M07","2023 Jul",18862,-3511,-15.7,15,-3511,-15.7
"LASST150000000000004","Hawaii",2023,"M08","2023 Aug",19006,-3382,-15.1,15,-3382,-15.1
"LASST150000000000004","Hawaii",2023,"M09","2023 Sep",19195,-3065,-13.8,15,-3065,-13.8
"LASST150000000000004","Hawaii",2023,"M10","2023 Oct",19342,-2724,-12.3,15,-2724,-12.3
"LASST150000000000004","Hawaii",2023,"M11","2023 Nov",19415,-2357,-10.8,15,-2357,-10.8
"LASST150000000000004","Hawaii",2023,"M12","2023 Dec",19380,-1979,-9.3,15,-1979,-9.3
"LASST150000000000004","Hawaii",2024,"M01","2024 Jan",19209,-1663,-8,15,-1663,-8
"LASST150000000000004","Hawaii",2024,"M02","2024 Feb",19014,-1319,-6.5,15,-1319,-6.5
"LASST150000000000004","Hawaii",2024,"M03","2024 Mar",18914,-847,-4.3,15,-847,-4.3
"LASST150000000000004","Hawaii",2024,"M04","2024 Apr",18902,-356,-1.8,15,-356,-1.8
"LASST150000000000004","Hawaii",2024,"M05","2024 May",18941,-17,-0.1,15,-17,-0.1
"LASST150000000000004","Hawaii",2024,"M06","2024 Jun",19021,183,1,15,183,1
"LASST150000000000004","Hawaii",2024,"M07","2024 Jul",19098,236,1.3,15,236,1.3
"LASST150000000000004","Hawaii",2024,"M08","2024 Aug",19083,77,0.4,15,77,0.4
"LASST150000000000004","Hawaii",2024,"M09","2024 Sep",18931,-264,-1.4,15,-264,-1.4
"LASST150000000000004","Hawaii",2024,"M10","2024 Oct",18642,-700,-3.6,15,-700,-3.6
"LASST150000000000004","Hawaii",2024,"M11","2024 Nov",18281,-1134,-5.8,15,-1134,-5.8
"LASST150000000000004","Hawaii",2024,"M12","2024 Dec",17963,-1417,-7.3,15,-1417,-7.3
"LASST150000000000004","Hawaii",2025,"M01","2025 Jan",17745,-1464,-7.6,15,-1464,-7.6
"LASST150000000000004","Hawaii",2025,"M02","2025 Feb",17564,-1450,-7.6,15,-1450,-7.6
"LASST150000000000004","Hawaii",2025,"M03","2025 Mar",17312,-1602,-8.5,15,-1602,-8.5
"LASST150000000000004","Hawaii",2025,"M04","2025 Apr",16938,-1964,-10.4,15,-1964,-10.4
"LASST150000000000004","Hawaii",2025,"M05","2025 May",16368,-2573,-13.6,15,-2573,-13.6
"LASST150000000000004","Hawaii",2025,"M06","2025 Jun",15648,-3373,-17.7,15,-3373,-17.7
"LASST150000000000004","Hawaii",2025,"M07","2025 Jul",14996,-4102,-21.5,15,-4102,-21.5
"LASST150000000000004","Hawaii",2025,"M08","2025 Aug",14604,-4479,-23.5,15,-4479,-23.5
"LASST150000000000004","Hawaii",2025,"M09","2025 Sep",14555,-4376,-23.1,15,-4376,-23.1
"LASST150000000000004","Hawaii",2025,"M10","2025 Oct",NA,NA,NA,15,NA,NA
"LASST150000000000004","Hawaii",2025,"M11","2025 Nov",15030,-3251,-17.8,15,-3251,-17.8
"LASST150000000000004","Hawaii",2025,"M12","2025 Dec",15131,-2832,-15.8,15,-2832,-15.8
"LASST160000000000004","Idaho",2023,"M01","2023 Jan",28456,2095,7.9,16,2095,7.9
"LASST160000000000004","Idaho",2023,"M02","2023 Feb",28581,2662,10.3,16,2662,10.3
"LASST160000000000004","Idaho",2023,"M03","2023 Mar",28873,3090,12,16,3090,12
"LASST160000000000004","Idaho",2023,"M04","2023 Apr",29313,3368,13,16,3368,13
"LASST160000000000004","Idaho",2023,"M05","2023 May",29913,3571,13.6,16,3571,13.6
"LASST160000000000004","Idaho",2023,"M06","2023 Jun",30595,3700,13.8,16,3700,13.8
"LASST160000000000004","Idaho",2023,"M07","2023 Jul",31311,3789,13.8,16,3789,13.8
"LASST160000000000004","Idaho",2023,"M08","2023 Aug",31989,3904,13.9,16,3904,13.9
"LASST160000000000004","Idaho",2023,"M09","2023 Sep",32542,4123,14.5,16,4123,14.5
"LASST160000000000004","Idaho",2023,"M10","2023 Oct",32970,4401,15.4,16,4401,15.4
"LASST160000000000004","Idaho",2023,"M11","2023 Nov",33318,4769,16.7,16,4769,16.7
"LASST160000000000004","Idaho",2023,"M12","2023 Dec",33588,5123,18,16,5123,18
"LASST160000000000004","Idaho",2024,"M01","2024 Jan",33802,5346,18.8,16,5346,18.8
"LASST160000000000004","Idaho",2024,"M02","2024 Feb",34105,5524,19.3,16,5524,19.3
"LASST160000000000004","Idaho",2024,"M03","2024 Mar",34558,5685,19.7,16,5685,19.7
"LASST160000000000004","Idaho",2024,"M04","2024 Apr",35082,5769,19.7,16,5769,19.7
"LASST160000000000004","Idaho",2024,"M05","2024 May",35541,5628,18.8,16,5628,18.8
"LASST160000000000004","Idaho",2024,"M06","2024 Jun",35865,5270,17.2,16,5270,17.2
"LASST160000000000004","Idaho",2024,"M07","2024 Jul",36084,4773,15.2,16,4773,15.2
"LASST160000000000004","Idaho",2024,"M08","2024 Aug",36240,4251,13.3,16,4251,13.3
"LASST160000000000004","Idaho",2024,"M09","2024 Sep",36377,3835,11.8,16,3835,11.8
"LASST160000000000004","Idaho",2024,"M10","2024 Oct",36483,3513,10.7,16,3513,10.7
"LASST160000000000004","Idaho",2024,"M11","2024 Nov",36590,3272,9.8,16,3272,9.8
"LASST160000000000004","Idaho",2024,"M12","2024 Dec",36719,3131,9.3,16,3131,9.3
"LASST160000000000004","Idaho",2025,"M01","2025 Jan",36807,3005,8.9,16,3005,8.9
"LASST160000000000004","Idaho",2025,"M02","2025 Feb",36780,2675,7.8,16,2675,7.8
"LASST160000000000004","Idaho",2025,"M03","2025 Mar",36604,2046,5.9,16,2046,5.9
"LASST160000000000004","Idaho",2025,"M04","2025 Apr",36407,1325,3.8,16,1325,3.8
"LASST160000000000004","Idaho",2025,"M05","2025 May",36300,759,2.1,16,759,2.1
"LASST160000000000004","Idaho",2025,"M06","2025 Jun",36299,434,1.2,16,434,1.2
"LASST160000000000004","Idaho",2025,"M07","2025 Jul",36383,299,0.8,16,299,0.8
"LASST160000000000004","Idaho",2025,"M08","2025 Aug",36517,277,0.8,16,277,0.8
"LASST160000000000004","Idaho",2025,"M09","2025 Sep",36658,281,0.8,16,281,0.8
"LASST160000000000004","Idaho",2025,"M10","2025 Oct",NA,NA,NA,16,NA,NA
"LASST160000000000004","Idaho",2025,"M11","2025 Nov",36730,140,0.4,16,140,0.4
"LASST160000000000004","Idaho",2025,"M12","2025 Dec",36696,-23,-0.1,16,-23,-0.1
"LASST170000000000004","Illinois",2023,"M01","2023 Jan",285576,-20936,-6.8,17,-20936,-6.8
"LASST170000000000004","Illinois",2023,"M02","2023 Feb",280153,-23086,-7.6,17,-23086,-7.6
"LASST170000000000004","Illinois",2023,"M03","2023 Mar",275546,-25295,-8.4,17,-25295,-8.4
"LASST170000000000004","Illinois",2023,"M04","2023 Apr",273509,-25498,-8.5,17,-25498,-8.5
"LASST170000000000004","Illinois",2023,"M05","2023 May",275816,-20663,-7,17,-20663,-7
"LASST170000000000004","Illinois",2023,"M06","2023 Jun",281890,-11763,-4,17,-11763,-4
"LASST170000000000004","Illinois",2023,"M07","2023 Jul",290271,-1634,-0.6,17,-1634,-0.6
"LASST170000000000004","Illinois",2023,"M08","2023 Aug",299237,8271,2.8,17,8271,2.8
"LASST170000000000004","Illinois",2023,"M09","2023 Sep",307150,13423,4.6,17,13423,4.6
"LASST170000000000004","Illinois",2023,"M10","2023 Oct",312980,17922,6.1,17,17922,6.1
"LASST170000000000004","Illinois",2023,"M11","2023 Nov",316575,22415,7.6,17,22415,7.6
"LASST170000000000004","Illinois",2023,"M12","2023 Dec",318519,27899,9.6,17,27899,9.6
"LASST170000000000004","Illinois",2024,"M01","2024 Jan",320170,34594,12.1,17,34594,12.1
"LASST170000000000004","Illinois",2024,"M02","2024 Feb",323927,43774,15.6,17,43774,15.6
"LASST170000000000004","Illinois",2024,"M03","2024 Mar",330104,54558,19.8,17,54558,19.8
"LASST170000000000004","Illinois",2024,"M04","2024 Apr",336138,62629,22.9,17,62629,22.9
"LASST170000000000004","Illinois",2024,"M05","2024 May",340310,64494,23.4,17,64494,23.4
"LASST170000000000004","Illinois",2024,"M06","2024 Jun",342177,60287,21.4,17,60287,21.4
"LASST170000000000004","Illinois",2024,"M07","2024 Jul",341648,51377,17.7,17,51377,17.7
"LASST170000000000004","Illinois",2024,"M08","2024 Aug",338503,39266,13.1,17,39266,13.1
"LASST170000000000004","Illinois",2024,"M09","2024 Sep",333167,26017,8.5,17,26017,8.5
"LASST170000000000004","Illinois",2024,"M10","2024 Oct",326657,13677,4.4,17,13677,4.4
"LASST170000000000004","Illinois",2024,"M11","2024 Nov",320902,4327,1.4,17,4327,1.4
"LASST170000000000004","Illinois",2024,"M12","2024 Dec",317235,-1284,-0.4,17,-1284,-0.4
"LASST170000000000004","Illinois",2025,"M01","2025 Jan",314524,-5646,-1.8,17,-5646,-1.8
"LASST170000000000004","Illinois",2025,"M02","2025 Feb",310930,-12997,-4,17,-12997,-4
"LASST170000000000004","Illinois",2025,"M03","2025 Mar",305635,-24469,-7.4,17,-24469,-7.4
"LASST170000000000004","Illinois",2025,"M04","2025 Apr",299330,-36808,-11,17,-36808,-11
"LASST170000000000004","Illinois",2025,"M05","2025 May",291671,-48639,-14.3,17,-48639,-14.3
"LASST170000000000004","Illinois",2025,"M06","2025 Jun",283871,-58306,-17,17,-58306,-17
"LASST170000000000004","Illinois",2025,"M07","2025 Jul",280577,-61071,-17.9,17,-61071,-17.9
"LASST170000000000004","Illinois",2025,"M08","2025 Aug",283796,-54707,-16.2,17,-54707,-16.2
"LASST170000000000004","Illinois",2025,"M09","2025 Sep",292473,-40694,-12.2,17,-40694,-12.2
"LASST170000000000004","Illinois",2025,"M10","2025 Oct",NA,NA,NA,17,NA,NA
"LASST170000000000004","Illinois",2025,"M11","2025 Nov",307543,-13359,-4.2,17,-13359,-4.2
"LASST170000000000004","Illinois",2025,"M12","2025 Dec",307963,-9272,-2.9,17,-9272,-2.9
"LASST180000000000004","Indiana",2023,"M01","2023 Jan",111933,12601,12.7,18,12601,12.7
"LASST180000000000004","Indiana",2023,"M02","2023 Feb",112663,14040,14.2,18,14040,14.2
"LASST180000000000004","Indiana",2023,"M03","2023 Mar",112957,13793,13.9,18,13793,13.9
"LASST180000000000004","Indiana",2023,"M04","2023 Apr",113259,13052,13,18,13052,13
"LASST180000000000004","Indiana",2023,"M05","2023 May",113947,12750,12.6,18,12750,12.6
"LASST180000000000004","Indiana",2023,"M06","2023 Jun",114883,12586,12.3,18,12586,12.3
"LASST180000000000004","Indiana",2023,"M07","2023 Jul",116184,12471,12,18,12471,12
"LASST180000000000004","Indiana",2023,"M08","2023 Aug",117788,12444,11.8,18,12444,11.8
"LASST180000000000004","Indiana",2023,"M09","2023 Sep",119497,12656,11.8,18,12656,11.8
"LASST180000000000004","Indiana",2023,"M10","2023 Oct",121332,12939,11.9,18,12939,11.9
"LASST180000000000004","Indiana",2023,"M11","2023 Nov",123472,13743,12.5,18,13743,12.5
"LASST180000000000004","Indiana",2023,"M12","2023 Dec",125812,14957,13.5,18,14957,13.5
"LASST180000000000004","Indiana",2024,"M01","2024 Jan",128081,16148,14.4,18,16148,14.4
"LASST180000000000004","Indiana",2024,"M02","2024 Feb",130686,18023,16,18,18023,16
"LASST180000000000004","Indiana",2024,"M03","2024 Mar",133852,20895,18.5,18,20895,18.5
"LASST180000000000004","Indiana",2024,"M04","2024 Apr",137286,24027,21.2,18,24027,21.2
"LASST180000000000004","Indiana",2024,"M05","2024 May",140388,26441,23.2,18,26441,23.2
"LASST180000000000004","Indiana",2024,"M06","2024 Jun",142734,27851,24.2,18,27851,24.2
"LASST180000000000004","Indiana",2024,"M07","2024 Jul",144336,28152,24.2,18,28152,24.2
"LASST180000000000004","Indiana",2024,"M08","2024 Aug",145283,27495,23.3,18,27495,23.3
"LASST180000000000004","Indiana",2024,"M09","2024 Sep",145470,25973,21.7,18,25973,21.7
"LASST180000000000004","Indiana",2024,"M10","2024 Oct",144439,23107,19,18,23107,19
"LASST180000000000004","Indiana",2024,"M11","2024 Nov",142166,18694,15.1,18,18694,15.1
"LASST180000000000004","Indiana",2024,"M12","2024 Dec",139183,13371,10.6,18,13371,10.6
"LASST180000000000004","Indiana",2025,"M01","2025 Jan",136010,7929,6.2,18,7929,6.2
"LASST180000000000004","Indiana",2025,"M02","2025 Feb",132978,2292,1.8,18,2292,1.8
"LASST180000000000004","Indiana",2025,"M03","2025 Mar",130400,-3452,-2.6,18,-3452,-2.6
"LASST180000000000004","Indiana",2025,"M04","2025 Apr",128947,-8339,-6.1,18,-8339,-6.1
"LASST180000000000004","Indiana",2025,"M05","2025 May",129196,-11192,-8,18,-11192,-8
"LASST180000000000004","Indiana",2025,"M06","2025 Jun",130648,-12086,-8.5,18,-12086,-8.5
"LASST180000000000004","Indiana",2025,"M07","2025 Jul",131395,-12941,-9,18,-12941,-9
"LASST180000000000004","Indiana",2025,"M08","2025 Aug",130502,-14781,-10.2,18,-14781,-10.2
"LASST180000000000004","Indiana",2025,"M09","2025 Sep",128150,-17320,-11.9,18,-17320,-11.9
"LASST180000000000004","Indiana",2025,"M10","2025 Oct",NA,NA,NA,18,NA,NA
"LASST180000000000004","Indiana",2025,"M11","2025 Nov",123792,-18374,-12.9,18,-18374,-12.9
"LASST180000000000004","Indiana",2025,"M12","2025 Dec",123564,-15619,-11.2,18,-15619,-11.2
"LASST190000000000004","Iowa",2023,"M01","2023 Jan",51410,3947,8.3,19,3947,8.3
"LASST190000000000004","Iowa",2023,"M02","2023 Feb",50660,5024,11,19,5024,11
"LASST190000000000004","Iowa",2023,"M03","2023 Mar",50083,5573,12.5,19,5573,12.5
"LASST190000000000004","Iowa",2023,"M04","2023 Apr",49832,5581,12.6,19,5581,12.6
"LASST190000000000004","Iowa",2023,"M05","2023 May",50088,5165,11.5,19,5165,11.5
"LASST190000000000004","Iowa",2023,"M06","2023 Jun",50692,4328,9.3,19,4328,9.3
"LASST190000000000004","Iowa",2023,"M07","2023 Jul",51329,2910,6,19,2910,6
"LASST190000000000004","Iowa",2023,"M08","2023 Aug",51710,1138,2.3,19,1138,2.3
"LASST190000000000004","Iowa",2023,"M09","2023 Sep",51709,-435,-0.8,19,-435,-0.8
"LASST190000000000004","Iowa",2023,"M10","2023 Oct",51196,-1776,-3.4,19,-1776,-3.4
"LASST190000000000004","Iowa",2023,"M11","2023 Nov",50205,-2708,-5.1,19,-2708,-5.1
"LASST190000000000004","Iowa",2023,"M12","2023 Dec",48967,-3277,-6.3,19,-3277,-6.3
"LASST190000000000004","Iowa",2024,"M01","2024 Jan",47813,-3597,-7,19,-3597,-7
"LASST190000000000004","Iowa",2024,"M02","2024 Feb",47342,-3318,-6.5,19,-3318,-6.5
"LASST190000000000004","Iowa",2024,"M03","2024 Mar",47861,-2222,-4.4,19,-2222,-4.4
"LASST190000000000004","Iowa",2024,"M04","2024 Apr",49181,-651,-1.3,19,-651,-1.3
"LASST190000000000004","Iowa",2024,"M05","2024 May",50953,865,1.7,19,865,1.7
"LASST190000000000004","Iowa",2024,"M06","2024 Jun",52975,2283,4.5,19,2283,4.5
"LASST190000000000004","Iowa",2024,"M07","2024 Jul",55067,3738,7.3,19,3738,7.3
"LASST190000000000004","Iowa",2024,"M08","2024 Aug",56897,5187,10,19,5187,10
"LASST190000000000004","Iowa",2024,"M09","2024 Sep",58246,6537,12.6,19,6537,12.6
"LASST190000000000004","Iowa",2024,"M10","2024 Oct",59109,7913,15.5,19,7913,15.5
"LASST190000000000004","Iowa",2024,"M11","2024 Nov",59744,9539,19,19,9539,19
"LASST190000000000004","Iowa",2024,"M12","2024 Dec",60372,11405,23.3,19,11405,23.3
"LASST190000000000004","Iowa",2025,"M01","2025 Jan",61010,13197,27.6,19,13197,27.6
"LASST190000000000004","Iowa",2025,"M02","2025 Feb",61500,14158,29.9,19,14158,29.9
"LASST190000000000004","Iowa",2025,"M03","2025 Mar",61760,13899,29,19,13899,29
"LASST190000000000004","Iowa",2025,"M04","2025 Apr",61902,12721,25.9,19,12721,25.9
"LASST190000000000004","Iowa",2025,"M05","2025 May",61799,10846,21.3,19,10846,21.3
"LASST190000000000004","Iowa",2025,"M06","2025 Jun",61294,8319,15.7,19,8319,15.7
"LASST190000000000004","Iowa",2025,"M07","2025 Jul",60558,5491,10,19,5491,10
"LASST190000000000004","Iowa",2025,"M08","2025 Aug",59941,3044,5.4,19,3044,5.4
"LASST190000000000004","Iowa",2025,"M09","2025 Sep",59624,1378,2.4,19,1378,2.4
"LASST190000000000004","Iowa",2025,"M10","2025 Oct",NA,NA,NA,19,NA,NA
"LASST190000000000004","Iowa",2025,"M11","2025 Nov",59801,57,0.1,19,57,0.1
"LASST190000000000004","Iowa",2025,"M12","2025 Dec",59904,-468,-0.8,19,-468,-0.8
"LASST200000000000004","Kansas",2023,"M01","2023 Jan",45508,6477,16.6,20,6477,16.6
"LASST200000000000004","Kansas",2023,"M02","2023 Feb",45177,6248,16,20,6248,16
"LASST200000000000004","Kansas",2023,"M03","2023 Mar",44485,5158,13.1,20,5158,13.1
"LASST200000000000004","Kansas",2023,"M04","2023 Apr",43608,3620,9.1,20,3620,9.1
"LASST200000000000004","Kansas",2023,"M05","2023 May",42966,2246,5.5,20,2246,5.5
"LASST200000000000004","Kansas",2023,"M06","2023 Jun",42714,1272,3.1,20,1272,3.1
"LASST200000000000004","Kansas",2023,"M07","2023 Jul",42816,529,1.3,20,529,1.3
"LASST200000000000004","Kansas",2023,"M08","2023 Aug",43157,-56,-0.1,20,-56,-0.1
"LASST200000000000004","Kansas",2023,"M09","2023 Sep",43660,-389,-0.9,20,-389,-0.9
"LASST200000000000004","Kansas",2023,"M10","2023 Oct",44297,-506,-1.1,20,-506,-1.1
"LASST200000000000004","Kansas",2023,"M11","2023 Nov",45057,-254,-0.6,20,-254,-0.6
"LASST200000000000004","Kansas",2023,"M12","2023 Dec",45897,363,0.8,20,363,0.8
"LASST200000000000004","Kansas",2024,"M01","2024 Jan",46887,1379,3,20,1379,3
"LASST200000000000004","Kansas",2024,"M02","2024 Feb",48282,3105,6.9,20,3105,6.9
"LASST200000000000004","Kansas",2024,"M03","2024 Mar",50176,5691,12.8,20,5691,12.8
"LASST200000000000004","Kansas",2024,"M04","2024 Apr",52195,8587,19.7,20,8587,19.7
"LASST200000000000004","Kansas",2024,"M05","2024 May",53906,10940,25.5,20,10940,25.5
"LASST200000000000004","Kansas",2024,"M06","2024 Jun",55213,12499,29.3,20,12499,29.3
"LASST200000000000004","Kansas",2024,"M07","2024 Jul",56277,13461,31.4,20,13461,31.4
"LASST200000000000004","Kansas",2024,"M08","2024 Aug",57129,13972,32.4,20,13972,32.4
"LASST200000000000004","Kansas",2024,"M09","2024 Sep",57760,14100,32.3,20,14100,32.3
"LASST200000000000004","Kansas",2024,"M10","2024 Oct",58166,13869,31.3,20,13869,31.3
"LASST200000000000004","Kansas",2024,"M11","2024 Nov",58477,13420,29.8,20,13420,29.8
"LASST200000000000004","Kansas",2024,"M12","2024 Dec",58795,12898,28.1,20,12898,28.1
"LASST200000000000004","Kansas",2025,"M01","2025 Jan",59063,12176,26,20,12176,26
"LASST200000000000004","Kansas",2025,"M02","2025 Feb",59157,10875,22.5,20,10875,22.5
"LASST200000000000004","Kansas",2025,"M03","2025 Mar",59028,8852,17.6,20,8852,17.6
"LASST200000000000004","Kansas",2025,"M04","2025 Apr",58913,6718,12.9,20,6718,12.9
"LASST200000000000004","Kansas",2025,"M05","2025 May",58882,4976,9.2,20,4976,9.2
"LASST200000000000004","Kansas",2025,"M06","2025 Jun",58857,3644,6.6,20,3644,6.6
"LASST200000000000004","Kansas",2025,"M07","2025 Jul",58913,2636,4.7,20,2636,4.7
"LASST200000000000004","Kansas",2025,"M08","2025 Aug",59122,1993,3.5,20,1993,3.5
"LASST200000000000004","Kansas",2025,"M09","2025 Sep",59479,1719,3,20,1719,3
"LASST200000000000004","Kansas",2025,"M10","2025 Oct",NA,NA,NA,20,NA,NA
"LASST200000000000004","Kansas",2025,"M11","2025 Nov",60010,1533,2.6,20,1533,2.6
"LASST200000000000004","Kansas",2025,"M12","2025 Dec",60005,1210,2.1,20,1210,2.1
"LASST210000000000004","Kentucky",2023,"M01","2023 Jan",83278,1127,1.4,21,1127,1.4
"LASST210000000000004","Kentucky",2023,"M02","2023 Feb",83272,1933,2.4,21,1933,2.4
"LASST210000000000004","Kentucky",2023,"M03","2023 Mar",83467,2386,2.9,21,2386,2.9
"LASST210000000000004","Kentucky",2023,"M04","2023 Apr",83951,2671,3.3,21,2671,3.3
"LASST210000000000004","Kentucky",2023,"M05","2023 May",84785,3152,3.9,21,3152,3.9
"LASST210000000000004","Kentucky",2023,"M06","2023 Jun",85774,3647,4.4,21,3647,4.4
"LASST210000000000004","Kentucky",2023,"M07","2023 Jul",86982,4291,5.2,21,4291,5.2
"LASST210000000000004","Kentucky",2023,"M08","2023 Aug",88320,5187,6.2,21,5187,6.2
"LASST210000000000004","Kentucky",2023,"M09","2023 Sep",89600,6148,7.4,21,6148,7.4
"LASST210000000000004","Kentucky",2023,"M10","2023 Oct",90866,7118,8.5,21,7118,8.5
"LASST210000000000004","Kentucky",2023,"M11","2023 Nov",92344,8585,10.2,21,8585,10.2
"LASST210000000000004","Kentucky",2023,"M12","2023 Dec",93858,10349,12.4,21,10349,12.4
"LASST210000000000004","Kentucky",2024,"M01","2024 Jan",95080,11802,14.2,21,11802,14.2
"LASST210000000000004","Kentucky",2024,"M02","2024 Feb",96199,12927,15.5,21,12927,15.5
"LASST210000000000004","Kentucky",2024,"M03","2024 Mar",97549,14082,16.9,21,14082,16.9
"LASST210000000000004","Kentucky",2024,"M04","2024 Apr",99100,15149,18,21,15149,18
"LASST210000000000004","Kentucky",2024,"M05","2024 May",100626,15841,18.7,21,15841,18.7
"LASST210000000000004","Kentucky",2024,"M06","2024 Jun",101935,16161,18.8,21,16161,18.8
"LASST210000000000004","Kentucky",2024,"M07","2024 Jul",102946,15964,18.4,21,15964,18.4
"LASST210000000000004","Kentucky",2024,"M08","2024 Aug",103648,15328,17.4,21,15328,17.4
"LASST210000000000004","Kentucky",2024,"M09","2024 Sep",103976,14376,16,21,14376,16
"LASST210000000000004","Kentucky",2024,"M10","2024 Oct",103763,12897,14.2,21,12897,14.2
"LASST210000000000004","Kentucky",2024,"M11","2024 Nov",103194,10850,11.7,21,10850,11.7
"LASST210000000000004","Kentucky",2024,"M12","2024 Dec",102566,8708,9.3,21,8708,9.3
"LASST210000000000004","Kentucky",2025,"M01","2025 Jan",101972,6892,7.2,21,6892,7.2
"LASST210000000000004","Kentucky",2025,"M02","2025 Feb",101289,5090,5.3,21,5090,5.3
"LASST210000000000004","Kentucky",2025,"M03","2025 Mar",100286,2737,2.8,21,2737,2.8
"LASST210000000000004","Kentucky",2025,"M04","2025 Apr",99195,95,0.1,21,95,0.1
"LASST210000000000004","Kentucky",2025,"M05","2025 May",98404,-2222,-2.2,21,-2222,-2.2
"LASST210000000000004","Kentucky",2025,"M06","2025 Jun",97950,-3985,-3.9,21,-3985,-3.9
"LASST210000000000004","Kentucky",2025,"M07","2025 Jul",97234,-5712,-5.5,21,-5712,-5.5
"LASST210000000000004","Kentucky",2025,"M08","2025 Aug",96081,-7567,-7.3,21,-7567,-7.3
"LASST210000000000004","Kentucky",2025,"M09","2025 Sep",94672,-9304,-8.9,21,-9304,-8.9
"LASST210000000000004","Kentucky",2025,"M10","2025 Oct",NA,NA,NA,21,NA,NA
"LASST210000000000004","Kentucky",2025,"M11","2025 Nov",92636,-10558,-10.2,21,-10558,-10.2
"LASST210000000000004","Kentucky",2025,"M12","2025 Dec",92583,-9983,-9.7,21,-9983,-9.7
"LASST220000000000004","Louisiana",2023,"M01","2023 Jan",74050,-7502,-9.2,22,-7502,-9.2
"LASST220000000000004","Louisiana",2023,"M02","2023 Feb",74704,-4687,-5.9,22,-4687,-5.9
"LASST220000000000004","Louisiana",2023,"M03","2023 Mar",74386,-3063,-4,22,-3063,-4
"LASST220000000000004","Louisiana",2023,"M04","2023 Apr",73466,-3185,-4.2,22,-3185,-4.2
"LASST220000000000004","Louisiana",2023,"M05","2023 May",73191,-2901,-3.8,22,-2901,-3.8
"LASST220000000000004","Louisiana",2023,"M06","2023 Jun",73208,-2210,-2.9,22,-2210,-2.9
"LASST220000000000004","Louisiana",2023,"M07","2023 Jul",74348,-249,-0.3,22,-249,-0.3
"LASST220000000000004","Louisiana",2023,"M08","2023 Aug",76546,2163,2.9,22,2163,2.9
"LASST220000000000004","Louisiana",2023,"M09","2023 Sep",79171,5839,8,22,5839,8
"LASST220000000000004","Louisiana",2023,"M10","2023 Oct",82152,8862,12.1,22,8862,12.1
"LASST220000000000004","Louisiana",2023,"M11","2023 Nov",84824,11724,16,22,11724,16
"LASST220000000000004","Louisiana",2023,"M12","2023 Dec",86644,13367,18.2,22,13367,18.2
"LASST220000000000004","Louisiana",2024,"M01","2024 Jan",86964,12914,17.4,22,12914,17.4
"LASST220000000000004","Louisiana",2024,"M02","2024 Feb",86483,11779,15.8,22,11779,15.8
"LASST220000000000004","Louisiana",2024,"M03","2024 Mar",85918,11532,15.5,22,11532,15.5
"LASST220000000000004","Louisiana",2024,"M04","2024 Apr",85798,12332,16.8,22,12332,16.8
"LASST220000000000004","Louisiana",2024,"M05","2024 May",86496,13305,18.2,22,13305,18.2
"LASST220000000000004","Louisiana",2024,"M06","2024 Jun",88040,14832,20.3,22,14832,20.3
"LASST220000000000004","Louisiana",2024,"M07","2024 Jul",90217,15869,21.3,22,15869,21.3
"LASST220000000000004","Louisiana",2024,"M08","2024 Aug",92272,15726,20.5,22,15726,20.5
"LASST220000000000004","Louisiana",2024,"M09","2024 Sep",93469,14298,18.1,22,14298,18.1
"LASST220000000000004","Louisiana",2024,"M10","2024 Oct",93460,11308,13.8,22,11308,13.8
"LASST220000000000004","Louisiana",2024,"M11","2024 Nov",92364,7540,8.9,22,7540,8.9
"LASST220000000000004","Louisiana",2024,"M12","2024 Dec",90985,4341,5,22,4341,5
"LASST220000000000004","Louisiana",2025,"M01","2025 Jan",89992,3028,3.5,22,3028,3.5
"LASST220000000000004","Louisiana",2025,"M02","2025 Feb",89535,3052,3.5,22,3052,3.5
"LASST220000000000004","Louisiana",2025,"M03","2025 Mar",89428,3510,4.1,22,3510,4.1
"LASST220000000000004","Louisiana",2025,"M04","2025 Apr",89633,3835,4.5,22,3835,4.5
"LASST220000000000004","Louisiana",2025,"M05","2025 May",89761,3265,3.8,22,3265,3.8
"LASST220000000000004","Louisiana",2025,"M06","2025 Jun",89519,1479,1.7,22,1479,1.7
"LASST220000000000004","Louisiana",2025,"M07","2025 Jul",89147,-1070,-1.2,22,-1070,-1.2
"LASST220000000000004","Louisiana",2025,"M08","2025 Aug",88882,-3390,-3.7,22,-3390,-3.7
"LASST220000000000004","Louisiana",2025,"M09","2025 Sep",88956,-4513,-4.8,22,-4513,-4.8
"LASST220000000000004","Louisiana",2025,"M10","2025 Oct",NA,NA,NA,22,NA,NA
"LASST220000000000004","Louisiana",2025,"M11","2025 Nov",89510,-2854,-3.1,22,-2854,-3.1
"LASST220000000000004","Louisiana",2025,"M12","2025 Dec",89565,-1420,-1.6,22,-1420,-1.6
"LASST230000000000004","Maine",2023,"M01","2023 Jan",17548,-7357,-29.5,23,-7357,-29.5
"LASST230000000000004","Maine",2023,"M02","2023 Feb",17270,-5424,-23.9,23,-5424,-23.9
"LASST230000000000004","Maine",2023,"M03","2023 Mar",17211,-3512,-16.9,23,-3512,-16.9
"LASST230000000000004","Maine",2023,"M04","2023 Apr",17341,-2362,-12,23,-2362,-12
"LASST230000000000004","Maine",2023,"M05","2023 May",17610,-1314,-6.9,23,-1314,-6.9
"LASST230000000000004","Maine",2023,"M06","2023 Jun",17950,-346,-1.9,23,-346,-1.9
"LASST230000000000004","Maine",2023,"M07","2023 Jul",18330,639,3.6,23,639,3.6
"LASST230000000000004","Maine",2023,"M08","2023 Aug",18728,1734,10.2,23,1734,10.2
"LASST230000000000004","Maine",2023,"M09","2023 Sep",19100,1275,7.2,23,1275,7.2
"LASST230000000000004","Maine",2023,"M10","2023 Oct",19386,1140,6.2,23,1140,6.2
"LASST230000000000004","Maine",2023,"M11","2023 Nov",19581,1328,7.3,23,1328,7.3
"LASST230000000000004","Maine",2023,"M12","2023 Dec",19683,1739,9.7,23,1739,9.7
"LASST230000000000004","Maine",2024,"M01","2024 Jan",19681,2133,12.2,23,2133,12.2
"LASST230000000000004","Maine",2024,"M02","2024 Feb",19670,2400,13.9,23,2400,13.9
"LASST230000000000004","Maine",2024,"M03","2024 Mar",19774,2563,14.9,23,2563,14.9
"LASST230000000000004","Maine",2024,"M04","2024 Apr",20017,2676,15.4,23,2676,15.4
"LASST230000000000004","Maine",2024,"M05","2024 May",20366,2756,15.7,23,2756,15.7
"LASST230000000000004","Maine",2024,"M06","2024 Jun",20797,2847,15.9,23,2847,15.9
"LASST230000000000004","Maine",2024,"M07","2024 Jul",21272,2942,16.1,23,2942,16.1
"LASST230000000000004","Maine",2024,"M08","2024 Aug",21747,3019,16.1,23,3019,16.1
"LASST230000000000004","Maine",2024,"M09","2024 Sep",22196,3096,16.2,23,3096,16.2
"LASST230000000000004","Maine",2024,"M10","2024 Oct",22578,3192,16.5,23,3192,16.5
"LASST230000000000004","Maine",2024,"M11","2024 Nov",22910,3329,17,23,3329,17
"LASST230000000000004","Maine",2024,"M12","2024 Dec",23221,3538,18,23,3538,18
"LASST230000000000004","Maine",2025,"M01","2025 Jan",23484,3803,19.3,23,3803,19.3
"LASST230000000000004","Maine",2025,"M02","2025 Feb",23635,3965,20.2,23,3965,20.2
"LASST230000000000004","Maine",2025,"M03","2025 Mar",23640,3866,19.6,23,3866,19.6
"LASST230000000000004","Maine",2025,"M04","2025 Apr",23574,3557,17.8,23,3557,17.8
"LASST230000000000004","Maine",2025,"M05","2025 May",23511,3145,15.4,23,3145,15.4
"LASST230000000000004","Maine",2025,"M06","2025 Jun",23471,2674,12.9,23,2674,12.9
"LASST230000000000004","Maine",2025,"M07","2025 Jul",23453,2181,10.3,23,2181,10.3
"LASST230000000000004","Maine",2025,"M08","2025 Aug",23462,1715,7.9,23,1715,7.9
"LASST230000000000004","Maine",2025,"M09","2025 Sep",23499,1303,5.9,23,1303,5.9
"LASST230000000000004","Maine",2025,"M10","2025 Oct",NA,NA,NA,23,NA,NA
"LASST230000000000004","Maine",2025,"M11","2025 Nov",23515,605,2.6,23,605,2.6
"LASST230000000000004","Maine",2025,"M12","2025 Dec",23496,275,1.2,23,275,1.2
"LASST240000000000004","Maryland",2023,"M01","2023 Jan",74441,-36563,-32.9,24,-36563,-32.9
"LASST240000000000004","Maryland",2023,"M02","2023 Feb",70955,-33590,-32.1,24,-33590,-32.1
"LASST240000000000004","Maryland",2023,"M03","2023 Mar",66784,-33750,-33.6,24,-33750,-33.6
"LASST240000000000004","Maryland",2023,"M04","2023 Apr",61571,-36337,-37.1,24,-36337,-37.1
"LASST240000000000004","Maryland",2023,"M05","2023 May",62232,-35292,-36.2,24,-35292,-36.2
"LASST240000000000004","Maryland",2023,"M06","2023 Jun",62053,-35179,-36.2,24,-35179,-36.2
"LASST240000000000004","Maryland",2023,"M07","2023 Jul",64016,-30813,-32.5,24,-30813,-32.5
"LASST240000000000004","Maryland",2023,"M08","2023 Aug",70172,-26117,-27.1,24,-26117,-27.1
"LASST240000000000004","Maryland",2023,"M09","2023 Sep",73677,-16061,-17.9,24,-16061,-17.9
"LASST240000000000004","Maryland",2023,"M10","2023 Oct",79624,-9071,-10.2,24,-9071,-10.2
"LASST240000000000004","Maryland",2023,"M11","2023 Nov",83821,-239,-0.3,24,-239,-0.3
"LASST240000000000004","Maryland",2023,"M12","2023 Dec",88135,9582,12.2,24,9582,12.2
"LASST240000000000004","Maryland",2024,"M01","2024 Jan",90678,16237,21.8,24,16237,21.8
"LASST240000000000004","Maryland",2024,"M02","2024 Feb",93814,22859,32.2,24,22859,32.2
"LASST240000000000004","Maryland",2024,"M03","2024 Mar",96425,29641,44.4,24,29641,44.4
"LASST240000000000004","Maryland",2024,"M04","2024 Apr",98488,36917,60,24,36917,60
"LASST240000000000004","Maryland",2024,"M05","2024 May",101247,39015,62.7,24,39015,62.7
"LASST240000000000004","Maryland",2024,"M06","2024 Jun",103601,41548,67,24,41548,67
"LASST240000000000004","Maryland",2024,"M07","2024 Jul",105972,41956,65.5,24,41956,65.5
"LASST240000000000004","Maryland",2024,"M08","2024 Aug",107560,37388,53.3,24,37388,53.3
"LASST240000000000004","Maryland",2024,"M09","2024 Sep",107190,33513,45.5,24,33513,45.5
"LASST240000000000004","Maryland",2024,"M10","2024 Oct",108183,28559,35.9,24,28559,35.9
"LASST240000000000004","Maryland",2024,"M11","2024 Nov",109209,25388,30.3,24,25388,30.3
"LASST240000000000004","Maryland",2024,"M12","2024 Dec",110509,22374,25.4,24,22374,25.4
"LASST240000000000004","Maryland",2025,"M01","2025 Jan",113179,22501,24.8,24,22501,24.8
"LASST240000000000004","Maryland",2025,"M02","2025 Feb",116637,22823,24.3,24,22823,24.3
"LASST240000000000004","Maryland",2025,"M03","2025 Mar",120134,23709,24.6,24,23709,24.6
"LASST240000000000004","Maryland",2025,"M04","2025 Apr",123780,25292,25.7,24,25292,25.7
"LASST240000000000004","Maryland",2025,"M05","2025 May",128070,26823,26.5,24,26823,26.5
"LASST240000000000004","Maryland",2025,"M06","2025 Jun",132007,28406,27.4,24,28406,27.4
"LASST240000000000004","Maryland",2025,"M07","2025 Jul",135618,29646,28,24,29646,28
"LASST240000000000004","Maryland",2025,"M08","2025 Aug",138088,30528,28.4,24,30528,28.4
"LASST240000000000004","Maryland",2025,"M09","2025 Sep",138812,31622,29.5,24,31622,29.5
"LASST240000000000004","Maryland",2025,"M10","2025 Oct",NA,NA,NA,24,NA,NA
"LASST240000000000004","Maryland",2025,"M11","2025 Nov",137602,28393,26,24,28393,26
"LASST240000000000004","Maryland",2025,"M12","2025 Dec",136456,25947,23.5,24,25947,23.5
"LASST250000000000004","Massachusetts",2023,"M01","2023 Jan",133136,-12064,-8.3,25,-12064,-8.3
"LASST250000000000004","Massachusetts",2023,"M02","2023 Feb",133191,-7710,-5.5,25,-7710,-5.5
"LASST250000000000004","Massachusetts",2023,"M03","2023 Mar",130883,-6281,-4.6,25,-6281,-4.6
"LASST250000000000004","Massachusetts",2023,"M04","2023 Apr",126386,-10622,-7.8,25,-10622,-7.8
"LASST250000000000004","Massachusetts",2023,"M05","2023 May",128164,-9015,-6.6,25,-9015,-6.6
"LASST250000000000004","Massachusetts",2023,"M06","2023 Jun",127647,-9573,-7,25,-9573,-7
"LASST250000000000004","Massachusetts",2023,"M07","2023 Jul",128214,-8483,-6.2,25,-8483,-6.2
"LASST250000000000004","Massachusetts",2023,"M08","2023 Aug",132131,-7394,-5.3,25,-7394,-5.3
"LASST250000000000004","Massachusetts",2023,"M09","2023 Sep",134644,-2567,-1.9,25,-2567,-1.9
"LASST250000000000004","Massachusetts",2023,"M10","2023 Oct",138605,398,0.3,25,398,0.3
"LASST250000000000004","Massachusetts",2023,"M11","2023 Nov",140809,3977,2.9,25,3977,2.9
"LASST250000000000004","Massachusetts",2023,"M12","2023 Dec",143917,9058,6.7,25,9058,6.7
"LASST250000000000004","Massachusetts",2024,"M01","2024 Jan",144777,11641,8.7,25,11641,8.7
"LASST250000000000004","Massachusetts",2024,"M02","2024 Feb",147132,13941,10.5,25,13941,10.5
"LASST250000000000004","Massachusetts",2024,"M03","2024 Mar",149015,18132,13.9,25,18132,13.9
"LASST250000000000004","Massachusetts",2024,"M04","2024 Apr",151856,25470,20.2,25,25470,20.2
"LASST250000000000004","Massachusetts",2024,"M05","2024 May",155183,27019,21.1,25,27019,21.1
"LASST250000000000004","Massachusetts",2024,"M06","2024 Jun",157721,30074,23.6,25,30074,23.6
"LASST250000000000004","Massachusetts",2024,"M07","2024 Jul",159982,31768,24.8,25,31768,24.8
"LASST250000000000004","Massachusetts",2024,"M08","2024 Aug",161058,28927,21.9,25,28927,21.9
"LASST250000000000004","Massachusetts",2024,"M09","2024 Sep",161158,26514,19.7,25,26514,19.7
"LASST250000000000004","Massachusetts",2024,"M10","2024 Oct",161146,22541,16.3,25,22541,16.3
"LASST250000000000004","Massachusetts",2024,"M11","2024 Nov",161013,20204,14.3,25,20204,14.3
"LASST250000000000004","Massachusetts",2024,"M12","2024 Dec",163499,19582,13.6,25,19582,13.6
"LASST250000000000004","Massachusetts",2025,"M01","2025 Jan",166500,21723,15,25,21723,15
"LASST250000000000004","Massachusetts",2025,"M02","2025 Feb",169411,22279,15.1,25,22279,15.1
"LASST250000000000004","Massachusetts",2025,"M03","2025 Mar",171528,22513,15.1,25,22513,15.1
"LASST250000000000004","Massachusetts",2025,"M04","2025 Apr",173012,21156,13.9,25,21156,13.9
"LASST250000000000004","Massachusetts",2025,"M05","2025 May",173969,18786,12.1,25,18786,12.1
"LASST250000000000004","Massachusetts",2025,"M06","2025 Jun",174702,16981,10.8,25,16981,10.8
"LASST250000000000004","Massachusetts",2025,"M07","2025 Jul",176064,16082,10.1,25,16082,10.1
"LASST250000000000004","Massachusetts",2025,"M08","2025 Aug",178270,17212,10.7,25,17212,10.7
"LASST250000000000004","Massachusetts",2025,"M09","2025 Sep",181092,19934,12.4,25,19934,12.4
"LASST250000000000004","Massachusetts",2025,"M10","2025 Oct",NA,NA,NA,25,NA,NA
"LASST250000000000004","Massachusetts",2025,"M11","2025 Nov",184213,23200,14.4,25,23200,14.4
"LASST250000000000004","Massachusetts",2025,"M12","2025 Dec",183984,20485,12.5,25,20485,12.5
"LASST260000000000004","Michigan",2023,"M01","2023 Jan",197682,-16783,-7.8,26,-16783,-7.8
"LASST260000000000004","Michigan",2023,"M02","2023 Feb",193853,-18122,-8.5,26,-18122,-8.5
"LASST260000000000004","Michigan",2023,"M03","2023 Mar",189791,-19771,-9.4,26,-19771,-9.4
"LASST260000000000004","Michigan",2023,"M04","2023 Apr",186780,-19208,-9.3,26,-19208,-9.3
"LASST260000000000004","Michigan",2023,"M05","2023 May",186589,-14756,-7.3,26,-14756,-7.3
"LASST260000000000004","Michigan",2023,"M06","2023 Jun",189534,-7532,-3.8,26,-7532,-3.8
"LASST260000000000004","Michigan",2023,"M07","2023 Jul",194704,182,0.1,26,182,0.1
"LASST260000000000004","Michigan",2023,"M08","2023 Aug",199783,5619,2.9,26,5619,2.9
"LASST260000000000004","Michigan",2023,"M09","2023 Sep",202498,7227,3.7,26,7227,3.7
"LASST260000000000004","Michigan",2023,"M10","2023 Oct",202289,4409,2.2,26,4409,2.2
"LASST260000000000004","Michigan",2023,"M11","2023 Nov",200606,512,0.3,26,512,0.3
"LASST260000000000004","Michigan",2023,"M12","2023 Dec",199029,-994,-0.5,26,-994,-0.5
"LASST260000000000004","Michigan",2024,"M01","2024 Jan",198706,1024,0.5,26,1024,0.5
"LASST260000000000004","Michigan",2024,"M02","2024 Feb",202002,8149,4.2,26,8149,4.2
"LASST260000000000004","Michigan",2024,"M03","2024 Mar",209725,19934,10.5,26,19934,10.5
"LASST260000000000004","Michigan",2024,"M04","2024 Apr",219939,33159,17.8,26,33159,17.8
"LASST260000000000004","Michigan",2024,"M05","2024 May",230131,43542,23.3,26,43542,23.3
"LASST260000000000004","Michigan",2024,"M06","2024 Jun",238776,49242,26,26,49242,26
"LASST260000000000004","Michigan",2024,"M07","2024 Jul",245809,51105,26.2,26,51105,26.2
"LASST260000000000004","Michigan",2024,"M08","2024 Aug",251557,51774,25.9,26,51774,25.9
"LASST260000000000004","Michigan",2024,"M09","2024 Sep",256468,53970,26.7,26,53970,26.7
"LASST260000000000004","Michigan",2024,"M10","2024 Oct",260774,58485,28.9,26,58485,28.9
"LASST260000000000004","Michigan",2024,"M11","2024 Nov",264657,64051,31.9,26,64051,31.9
"LASST260000000000004","Michigan",2024,"M12","2024 Dec",268133,69104,34.7,26,69104,34.7
"LASST260000000000004","Michigan",2025,"M01","2025 Jan",270378,71672,36.1,26,71672,36.1
"LASST260000000000004","Michigan",2025,"M02","2025 Feb",270137,68135,33.7,26,68135,33.7
"LASST260000000000004","Michigan",2025,"M03","2025 Mar",267234,57509,27.4,26,57509,27.4
"LASST260000000000004","Michigan",2025,"M04","2025 Apr",263078,43139,19.6,26,43139,19.6
"LASST260000000000004","Michigan",2025,"M05","2025 May",257991,27860,12.1,26,27860,12.1
"LASST260000000000004","Michigan",2025,"M06","2025 Jun",252538,13762,5.8,26,13762,5.8
"LASST260000000000004","Michigan",2025,"M07","2025 Jul",248104,2295,0.9,26,2295,0.9
"LASST260000000000004","Michigan",2025,"M08","2025 Aug",245751,-5806,-2.3,26,-5806,-2.3
"LASST260000000000004","Michigan",2025,"M09","2025 Sep",245651,-10817,-4.2,26,-10817,-4.2
"LASST260000000000004","Michigan",2025,"M10","2025 Oct",NA,NA,NA,26,NA,NA
"LASST260000000000004","Michigan",2025,"M11","2025 Nov",248325,-16332,-6.2,26,-16332,-6.2
"LASST260000000000004","Michigan",2025,"M12","2025 Dec",248858,-19275,-7.2,26,-19275,-7.2
"LASST270000000000004","Minnesota",2023,"M01","2023 Jan",84842,5549,7,27,5549,7
"LASST270000000000004","Minnesota",2023,"M02","2023 Feb",85985,11325,15.2,27,11325,15.2
"LASST270000000000004","Minnesota",2023,"M03","2023 Mar",86656,15647,22,27,15647,22
"LASST270000000000004","Minnesota",2023,"M04","2023 Apr",86932,18373,26.8,27,18373,26.8
"LASST270000000000004","Minnesota",2023,"M05","2023 May",87298,19797,29.3,27,19797,29.3
"LASST270000000000004","Minnesota",2023,"M06","2023 Jun",87666,19873,29.3,27,19873,29.3
"LASST270000000000004","Minnesota",2023,"M07","2023 Jul",87685,18057,25.9,27,18057,25.9
"LASST270000000000004","Minnesota",2023,"M08","2023 Aug",87293,14753,20.3,27,14753,20.3
"LASST270000000000004","Minnesota",2023,"M09","2023 Sep",86807,11102,14.7,27,11102,14.7
"LASST270000000000004","Minnesota",2023,"M10","2023 Oct",86553,7735,9.8,27,7735,9.8
"LASST270000000000004","Minnesota",2023,"M11","2023 Nov",86755,5419,6.7,27,5419,6.7
"LASST270000000000004","Minnesota",2023,"M12","2023 Dec",87248,3945,4.7,27,3945,4.7
"LASST270000000000004","Minnesota",2024,"M01","2024 Jan",88068,3226,3.8,27,3226,3.8
"LASST270000000000004","Minnesota",2024,"M02","2024 Feb",89658,3673,4.3,27,3673,4.3
"LASST270000000000004","Minnesota",2024,"M03","2024 Mar",92200,5544,6.4,27,5544,6.4
"LASST270000000000004","Minnesota",2024,"M04","2024 Apr",95172,8240,9.5,27,8240,9.5
"LASST270000000000004","Minnesota",2024,"M05","2024 May",97849,10551,12.1,27,10551,12.1
"LASST270000000000004","Minnesota",2024,"M06","2024 Jun",100004,12338,14.1,27,12338,14.1
"LASST270000000000004","Minnesota",2024,"M07","2024 Jul",101614,13929,15.9,27,13929,15.9
"LASST270000000000004","Minnesota",2024,"M08","2024 Aug",102408,15115,17.3,27,15115,17.3
"LASST270000000000004","Minnesota",2024,"M09","2024 Sep",102465,15658,18,27,15658,18
"LASST270000000000004","Minnesota",2024,"M10","2024 Oct",102301,15748,18.2,27,15748,18.2
"LASST270000000000004","Minnesota",2024,"M11","2024 Nov",102745,15990,18.4,27,15990,18.4
"LASST270000000000004","Minnesota",2024,"M12","2024 Dec",104334,17086,19.6,27,17086,19.6
"LASST270000000000004","Minnesota",2025,"M01","2025 Jan",106931,18863,21.4,27,18863,21.4
"LASST270000000000004","Minnesota",2025,"M02","2025 Feb",109922,20264,22.6,27,20264,22.6
"LASST270000000000004","Minnesota",2025,"M03","2025 Mar",112764,20564,22.3,27,20564,22.3
"LASST270000000000004","Minnesota",2025,"M04","2025 Apr",115395,20223,21.2,27,20223,21.2
"LASST270000000000004","Minnesota",2025,"M05","2025 May",117487,19638,20.1,27,19638,20.1
"LASST270000000000004","Minnesota",2025,"M06","2025 Jun",119206,19202,19.2,27,19202,19.2
"LASST270000000000004","Minnesota",2025,"M07","2025 Jul",121790,20176,19.9,27,20176,19.9
"LASST270000000000004","Minnesota",2025,"M08","2025 Aug",125482,23074,22.5,27,23074,22.5
"LASST270000000000004","Minnesota",2025,"M09","2025 Sep",129700,27235,26.6,27,27235,26.6
"LASST270000000000004","Minnesota",2025,"M10","2025 Oct",NA,NA,NA,27,NA,NA
"LASST270000000000004","Minnesota",2025,"M11","2025 Nov",134361,31616,30.8,27,31616,30.8
"LASST270000000000004","Minnesota",2025,"M12","2025 Dec",134096,29762,28.5,27,29762,28.5
"LASST280000000000004","Mississippi",2023,"M01","2023 Jan",42620,-8138,-16,28,-8138,-16
"LASST280000000000004","Mississippi",2023,"M02","2023 Feb",41145,-8489,-17.1,28,-8489,-17.1
"LASST280000000000004","Mississippi",2023,"M03","2023 Mar",40017,-8656,-17.8,28,-8656,-17.8
"LASST280000000000004","Mississippi",2023,"M04","2023 Apr",39377,-8386,-17.6,28,-8386,-17.6
"LASST280000000000004","Mississippi",2023,"M05","2023 May",39174,-7846,-16.7,28,-7846,-16.7
"LASST280000000000004","Mississippi",2023,"M06","2023 Jun",39135,-7501,-16.1,28,-7501,-16.1
"LASST280000000000004","Mississippi",2023,"M07","2023 Jul",38975,-7816,-16.7,28,-7816,-16.7
"LASST280000000000004","Mississippi",2023,"M08","2023 Aug",38681,-8450,-17.9,28,-8450,-17.9
"LASST280000000000004","Mississippi",2023,"M09","2023 Sep",38280,-8795,-18.7,28,-8795,-18.7
"LASST280000000000004","Mississippi",2023,"M10","2023 Oct",37751,-8780,-18.9,28,-8780,-18.9
"LASST280000000000004","Mississippi",2023,"M11","2023 Nov",36988,-8576,-18.8,28,-8576,-18.8
"LASST280000000000004","Mississippi",2023,"M12","2023 Dec",36070,-8095,-18.3,28,-8095,-18.3
"LASST280000000000004","Mississippi",2024,"M01","2024 Jan",35312,-7308,-17.1,28,-7308,-17.1
"LASST280000000000004","Mississippi",2024,"M02","2024 Feb",34999,-6146,-14.9,28,-6146,-14.9
"LASST280000000000004","Mississippi",2024,"M03","2024 Mar",35210,-4807,-12,28,-4807,-12
"LASST280000000000004","Mississippi",2024,"M04","2024 Apr",35866,-3511,-8.9,28,-3511,-8.9
"LASST280000000000004","Mississippi",2024,"M05","2024 May",36980,-2194,-5.6,28,-2194,-5.6
"LASST280000000000004","Mississippi",2024,"M06","2024 Jun",38511,-624,-1.6,28,-624,-1.6
"LASST280000000000004","Mississippi",2024,"M07","2024 Jul",40421,1446,3.7,28,1446,3.7
"LASST280000000000004","Mississippi",2024,"M08","2024 Aug",42417,3736,9.7,28,3736,9.7
"LASST280000000000004","Mississippi",2024,"M09","2024 Sep",44307,6027,15.7,28,6027,15.7
"LASST280000000000004","Mississippi",2024,"M10","2024 Oct",46085,8334,22.1,28,8334,22.1
"LASST280000000000004","Mississippi",2024,"M11","2024 Nov",47793,10805,29.2,28,10805,29.2
"LASST280000000000004","Mississippi",2024,"M12","2024 Dec",49362,13292,36.9,28,13292,36.9
"LASST280000000000004","Mississippi",2025,"M01","2025 Jan",50468,15156,42.9,28,15156,42.9
"LASST280000000000004","Mississippi",2025,"M02","2025 Feb",50998,15999,45.7,28,15999,45.7
"LASST280000000000004","Mississippi",2025,"M03","2025 Mar",51010,15800,44.9,28,15800,44.9
"LASST280000000000004","Mississippi",2025,"M04","2025 Apr",50677,14811,41.3,28,14811,41.3
"LASST280000000000004","Mississippi",2025,"M05","2025 May",50061,13081,35.4,28,13081,35.4
"LASST280000000000004","Mississippi",2025,"M06","2025 Jun",49338,10827,28.1,28,10827,28.1
"LASST280000000000004","Mississippi",2025,"M07","2025 Jul",48611,8190,20.3,28,8190,20.3
"LASST280000000000004","Mississippi",2025,"M08","2025 Aug",48032,5615,13.2,28,5615,13.2
"LASST280000000000004","Mississippi",2025,"M09","2025 Sep",47674,3367,7.6,28,3367,7.6
"LASST280000000000004","Mississippi",2025,"M10","2025 Oct",NA,NA,NA,28,NA,NA
"LASST280000000000004","Mississippi",2025,"M11","2025 Nov",47332,-461,-1,28,-461,-1
"LASST280000000000004","Mississippi",2025,"M12","2025 Dec",47343,-2019,-4.1,28,-2019,-4.1
"LASST290000000000004","Missouri",2023,"M01","2023 Jan",86260,-4613,-5.1,29,-4613,-5.1
"LASST290000000000004","Missouri",2023,"M02","2023 Feb",87187,2749,3.3,29,2749,3.3
"LASST290000000000004","Missouri",2023,"M03","2023 Mar",88690,10001,12.7,29,10001,12.7
"LASST290000000000004","Missouri",2023,"M04","2023 Apr",90709,16388,22.1,29,16388,22.1
"LASST290000000000004","Missouri",2023,"M05","2023 May",93336,21468,29.9,29,21468,29.9
"LASST290000000000004","Missouri",2023,"M06","2023 Jun",96129,24389,34,29,24389,34
"LASST290000000000004","Missouri",2023,"M07","2023 Jul",98754,24716,33.4,29,24716,33.4
"LASST290000000000004","Missouri",2023,"M08","2023 Aug",101041,23226,29.8,29,23226,29.8
"LASST290000000000004","Missouri",2023,"M09","2023 Sep",102994,21434,26.3,29,21434,26.3
"LASST290000000000004","Missouri",2023,"M10","2023 Oct",104684,20315,24.1,29,20315,24.1
"LASST290000000000004","Missouri",2023,"M11","2023 Nov",106135,20428,23.8,29,20428,23.8
"LASST290000000000004","Missouri",2023,"M12","2023 Dec",107319,21331,24.8,29,21331,24.8
"LASST290000000000004","Missouri",2024,"M01","2024 Jan",108347,22087,25.6,29,22087,25.6
"LASST290000000000004","Missouri",2024,"M02","2024 Feb",109844,22657,26,29,22657,26
"LASST290000000000004","Missouri",2024,"M03","2024 Mar",112237,23547,26.5,29,23547,26.5
"LASST290000000000004","Missouri",2024,"M04","2024 Apr",115027,24318,26.8,29,24318,26.8
"LASST290000000000004","Missouri",2024,"M05","2024 May",117297,23961,25.7,29,23961,25.7
"LASST290000000000004","Missouri",2024,"M06","2024 Jun",118532,22403,23.3,29,22403,23.3
"LASST290000000000004","Missouri",2024,"M07","2024 Jul",118843,20089,20.3,29,20089,20.3
"LASST290000000000004","Missouri",2024,"M08","2024 Aug",118496,17455,17.3,29,17455,17.3
"LASST290000000000004","Missouri",2024,"M09","2024 Sep",118028,15034,14.6,29,15034,14.6
"LASST290000000000004","Missouri",2024,"M10","2024 Oct",118045,13361,12.8,29,13361,12.8
"LASST290000000000004","Missouri",2024,"M11","2024 Nov",119129,12994,12.2,29,12994,12.2
"LASST290000000000004","Missouri",2024,"M12","2024 Dec",121236,13917,13,29,13917,13
"LASST290000000000004","Missouri",2025,"M01","2025 Jan",123711,15364,14.2,29,15364,14.2
"LASST290000000000004","Missouri",2025,"M02","2025 Feb",125731,15887,14.5,29,15887,14.5
"LASST290000000000004","Missouri",2025,"M03","2025 Mar",126785,14548,13,29,14548,13
"LASST290000000000004","Missouri",2025,"M04","2025 Apr",127198,12171,10.6,29,12171,10.6
"LASST290000000000004","Missouri",2025,"M05","2025 May",127276,9979,8.5,29,9979,8.5
"LASST290000000000004","Missouri",2025,"M06","2025 Jun",127133,8601,7.3,29,8601,7.3
"LASST290000000000004","Missouri",2025,"M07","2025 Jul",126599,7756,6.5,29,7756,6.5
"LASST290000000000004","Missouri",2025,"M08","2025 Aug",125765,7269,6.1,29,7269,6.1
"LASST290000000000004","Missouri",2025,"M09","2025 Sep",124706,6678,5.7,29,6678,5.7
"LASST290000000000004","Missouri",2025,"M10","2025 Oct",NA,NA,NA,29,NA,NA
"LASST290000000000004","Missouri",2025,"M11","2025 Nov",123169,4040,3.4,29,4040,3.4
"LASST290000000000004","Missouri",2025,"M12","2025 Dec",123144,1908,1.6,29,1908,1.6
"LASST300000000000004","Montana",2023,"M01","2023 Jan",14073,-856,-5.7,30,-856,-5.7
"LASST300000000000004","Montana",2023,"M02","2023 Feb",14142,-753,-5.1,30,-753,-5.1
"LASST300000000000004","Montana",2023,"M03","2023 Mar",14279,-688,-4.6,30,-688,-4.6
"LASST300000000000004","Montana",2023,"M04","2023 Apr",14434,-673,-4.5,30,-673,-4.5
"LASST300000000000004","Montana",2023,"M05","2023 May",14636,-632,-4.1,30,-632,-4.1
"LASST300000000000004","Montana",2023,"M06","2023 Jun",14915,-445,-2.9,30,-445,-2.9
"LASST300000000000004","Montana",2023,"M07","2023 Jul",15339,-7,0,30,-7,0
"LASST300000000000004","Montana",2023,"M08","2023 Aug",15901,690,4.5,30,690,4.5
"LASST300000000000004","Montana",2023,"M09","2023 Sep",16538,1609,10.8,30,1609,10.8
"LASST300000000000004","Montana",2023,"M10","2023 Oct",17146,2528,17.3,30,2528,17.3
"LASST300000000000004","Montana",2023,"M11","2023 Nov",17603,3267,22.8,30,3267,22.8
"LASST300000000000004","Montana",2023,"M12","2023 Dec",17806,3673,26,30,3673,26
"LASST300000000000004","Montana",2024,"M01","2024 Jan",17756,3683,26.2,30,3683,26.2
"LASST300000000000004","Montana",2024,"M02","2024 Feb",17606,3464,24.5,30,3464,24.5
"LASST300000000000004","Montana",2024,"M03","2024 Mar",17508,3229,22.6,30,3229,22.6
"LASST300000000000004","Montana",2024,"M04","2024 Apr",17528,3094,21.4,30,3094,21.4
"LASST300000000000004","Montana",2024,"M05","2024 May",17612,2976,20.3,30,2976,20.3
"LASST300000000000004","Montana",2024,"M06","2024 Jun",17674,2759,18.5,30,2759,18.5
"LASST300000000000004","Montana",2024,"M07","2024 Jul",17647,2308,15,30,2308,15
"LASST300000000000004","Montana",2024,"M08","2024 Aug",17474,1573,9.9,30,1573,9.9
"LASST300000000000004","Montana",2024,"M09","2024 Sep",17189,651,3.9,30,651,3.9
"LASST300000000000004","Montana",2024,"M10","2024 Oct",16877,-269,-1.6,30,-269,-1.6
"LASST300000000000004","Montana",2024,"M11","2024 Nov",16679,-924,-5.2,30,-924,-5.2
"LASST300000000000004","Montana",2024,"M12","2024 Dec",16708,-1098,-6.2,30,-1098,-6.2
"LASST300000000000004","Montana",2025,"M01","2025 Jan",16945,-811,-4.6,30,-811,-4.6
"LASST300000000000004","Montana",2025,"M02","2025 Feb",17292,-314,-1.8,30,-314,-1.8
"LASST300000000000004","Montana",2025,"M03","2025 Mar",17644,136,0.8,30,136,0.8
"LASST300000000000004","Montana",2025,"M04","2025 Apr",17981,453,2.6,30,453,2.6
"LASST300000000000004","Montana",2025,"M05","2025 May",18300,688,3.9,30,688,3.9
"LASST300000000000004","Montana",2025,"M06","2025 Jun",18638,964,5.5,30,964,5.5
"LASST300000000000004","Montana",2025,"M07","2025 Jul",19085,1438,8.1,30,1438,8.1
"LASST300000000000004","Montana",2025,"M08","2025 Aug",19623,2149,12.3,30,2149,12.3
"LASST300000000000004","Montana",2025,"M09","2025 Sep",20168,2979,17.3,30,2979,17.3
"LASST300000000000004","Montana",2025,"M10","2025 Oct",NA,NA,NA,30,NA,NA
"LASST300000000000004","Montana",2025,"M11","2025 Nov",20638,3959,23.7,30,3959,23.7
"LASST300000000000004","Montana",2025,"M12","2025 Dec",20574,3866,23.1,30,3866,23.1
"LASST310000000000004","Nebraska",2023,"M01","2023 Jan",23218,1182,5.4,31,1182,5.4
"LASST310000000000004","Nebraska",2023,"M02","2023 Feb",22850,1324,6.2,31,1324,6.2
"LASST310000000000004","Nebraska",2023,"M03","2023 Mar",22728,1352,6.3,31,1352,6.3
"LASST310000000000004","Nebraska",2023,"M04","2023 Apr",22836,1268,5.9,31,1268,5.9
"LASST310000000000004","Nebraska",2023,"M05","2023 May",23241,1195,5.4,31,1195,5.4
"LASST310000000000004","Nebraska",2023,"M06","2023 Jun",23858,1158,5.1,31,1158,5.1
"LASST310000000000004","Nebraska",2023,"M07","2023 Jul",24529,1007,4.3,31,1007,4.3
"LASST310000000000004","Nebraska",2023,"M08","2023 Aug",25180,873,3.6,31,873,3.6
"LASST310000000000004","Nebraska",2023,"M09","2023 Sep",25822,1061,4.3,31,1061,4.3
"LASST310000000000004","Nebraska",2023,"M10","2023 Oct",26414,1603,6.5,31,1603,6.5
"LASST310000000000004","Nebraska",2023,"M11","2023 Nov",26887,2460,10.1,31,2460,10.1
"LASST310000000000004","Nebraska",2023,"M12","2023 Dec",27160,3358,14.1,31,3358,14.1
"LASST310000000000004","Nebraska",2024,"M01","2024 Jan",27263,4045,17.4,31,4045,17.4
"LASST310000000000004","Nebraska",2024,"M02","2024 Feb",27378,4528,19.8,31,4528,19.8
"LASST310000000000004","Nebraska",2024,"M03","2024 Mar",27689,4961,21.8,31,4961,21.8
"LASST310000000000004","Nebraska",2024,"M04","2024 Apr",28190,5354,23.4,31,5354,23.4
"LASST310000000000004","Nebraska",2024,"M05","2024 May",28741,5500,23.7,31,5500,23.7
"LASST310000000000004","Nebraska",2024,"M06","2024 Jun",29275,5417,22.7,31,5417,22.7
"LASST310000000000004","Nebraska",2024,"M07","2024 Jul",29752,5223,21.3,31,5223,21.3
"LASST310000000000004","Nebraska",2024,"M08","2024 Aug",30097,4917,19.5,31,4917,19.5
"LASST310000000000004","Nebraska",2024,"M09","2024 Sep",30340,4518,17.5,31,4518,17.5
"LASST310000000000004","Nebraska",2024,"M10","2024 Oct",30508,4094,15.5,31,4094,15.5
"LASST310000000000004","Nebraska",2024,"M11","2024 Nov",30712,3825,14.2,31,3825,14.2
"LASST310000000000004","Nebraska",2024,"M12","2024 Dec",31045,3885,14.3,31,3885,14.3
"LASST310000000000004","Nebraska",2025,"M01","2025 Jan",31440,4177,15.3,31,4177,15.3
"LASST310000000000004","Nebraska",2025,"M02","2025 Feb",31783,4405,16.1,31,4405,16.1
"LASST310000000000004","Nebraska",2025,"M03","2025 Mar",31979,4290,15.5,31,4290,15.5
"LASST310000000000004","Nebraska",2025,"M04","2025 Apr",32062,3872,13.7,31,3872,13.7
"LASST310000000000004","Nebraska",2025,"M05","2025 May",31999,3258,11.3,31,3258,11.3
"LASST310000000000004","Nebraska",2025,"M06","2025 Jun",31836,2561,8.7,31,2561,8.7
"LASST310000000000004","Nebraska",2025,"M07","2025 Jul",31828,2076,7,31,2076,7
"LASST310000000000004","Nebraska",2025,"M08","2025 Aug",32064,1967,6.5,31,1967,6.5
"LASST310000000000004","Nebraska",2025,"M09","2025 Sep",32478,2138,7,31,2138,7
"LASST310000000000004","Nebraska",2025,"M10","2025 Oct",NA,NA,NA,31,NA,NA
"LASST310000000000004","Nebraska",2025,"M11","2025 Nov",33174,2462,8,31,2462,8
"LASST310000000000004","Nebraska",2025,"M12","2025 Dec",33185,2140,6.9,31,2140,6.9
"LASST320000000000004","Nevada",2023,"M01","2023 Jan",83066,4148,5.3,32,4148,5.3
"LASST320000000000004","Nevada",2023,"M02","2023 Feb",82372,3380,4.3,32,3380,4.3
"LASST320000000000004","Nevada",2023,"M03","2023 Mar",81561,2275,2.9,32,2275,2.9
"LASST320000000000004","Nevada",2023,"M04","2023 Apr",80840,1125,1.4,32,1125,1.4
"LASST320000000000004","Nevada",2023,"M05","2023 May",80581,416,0.5,32,416,0.5
"LASST320000000000004","Nevada",2023,"M06","2023 Jun",80779,110,0.1,32,110,0.1
"LASST320000000000004","Nevada",2023,"M07","2023 Jul",81435,70,0.1,32,70,0.1
"LASST320000000000004","Nevada",2023,"M08","2023 Aug",82370,148,0.2,32,148,0.2
"LASST320000000000004","Nevada",2023,"M09","2023 Sep",83262,385,0.5,32,385,0.5
"LASST320000000000004","Nevada",2023,"M10","2023 Oct",83983,535,0.6,32,535,0.6
"LASST320000000000004","Nevada",2023,"M11","2023 Nov",84546,859,1,32,859,1
"LASST320000000000004","Nevada",2023,"M12","2023 Dec",84895,1374,1.6,32,1374,1.6
"LASST320000000000004","Nevada",2024,"M01","2024 Jan",85049,1983,2.4,32,1983,2.4
"LASST320000000000004","Nevada",2024,"M02","2024 Feb",85451,3079,3.7,32,3079,3.7
"LASST320000000000004","Nevada",2024,"M03","2024 Mar",86343,4782,5.9,32,4782,5.9
"LASST320000000000004","Nevada",2024,"M04","2024 Apr",87486,6646,8.2,32,6646,8.2
"LASST320000000000004","Nevada",2024,"M05","2024 May",88516,7935,9.8,32,7935,9.8
"LASST320000000000004","Nevada",2024,"M06","2024 Jun",89263,8484,10.5,32,8484,10.5
"LASST320000000000004","Nevada",2024,"M07","2024 Jul",89760,8325,10.2,32,8325,10.2
"LASST320000000000004","Nevada",2024,"M08","2024 Aug",90039,7669,9.3,32,7669,9.3
"LASST320000000000004","Nevada",2024,"M09","2024 Sep",90156,6894,8.3,32,6894,8.3
"LASST320000000000004","Nevada",2024,"M10","2024 Oct",90022,6039,7.2,32,6039,7.2
"LASST320000000000004","Nevada",2024,"M11","2024 Nov",89738,5192,6.1,32,5192,6.1
"LASST320000000000004","Nevada",2024,"M12","2024 Dec",89491,4596,5.4,32,4596,5.4
"LASST320000000000004","Nevada",2025,"M01","2025 Jan",89255,4206,4.9,32,4206,4.9
"LASST320000000000004","Nevada",2025,"M02","2025 Feb",88861,3410,4,32,3410,4
"LASST320000000000004","Nevada",2025,"M03","2025 Mar",88179,1836,2.1,32,1836,2.1
"LASST320000000000004","Nevada",2025,"M04","2025 Apr",87514,28,0,32,28,0
"LASST320000000000004","Nevada",2025,"M05","2025 May",87070,-1446,-1.6,32,-1446,-1.6
"LASST320000000000004","Nevada",2025,"M06","2025 Jun",86902,-2361,-2.6,32,-2361,-2.6
"LASST320000000000004","Nevada",2025,"M07","2025 Jul",87037,-2723,-3,32,-2723,-3
"LASST320000000000004","Nevada",2025,"M08","2025 Aug",87399,-2640,-2.9,32,-2640,-2.9
"LASST320000000000004","Nevada",2025,"M09","2025 Sep",87888,-2268,-2.5,32,-2268,-2.5
"LASST320000000000004","Nevada",2025,"M10","2025 Oct",NA,NA,NA,32,NA,NA
"LASST320000000000004","Nevada",2025,"M11","2025 Nov",88351,-1387,-1.5,32,-1387,-1.5
"LASST320000000000004","Nevada",2025,"M12","2025 Dec",88281,-1210,-1.4,32,-1210,-1.4
"LASST350000000000004","New Mexico",2023,"M01","2023 Jan",34452,-17169,-33.3,35,-17169,-33.3
"LASST350000000000004","New Mexico",2023,"M02","2023 Feb",34574,-13542,-28.1,35,-13542,-28.1
"LASST350000000000004","New Mexico",2023,"M03","2023 Mar",34657,-9679,-21.8,35,-9679,-21.8
"LASST350000000000004","New Mexico",2023,"M04","2023 Apr",34647,-7245,-17.3,35,-7245,-17.3
"LASST350000000000004","New Mexico",2023,"M05","2023 May",34663,-5139,-12.9,35,-5139,-12.9
"LASST350000000000004","New Mexico",2023,"M06","2023 Jun",34815,-2387,-6.4,35,-2387,-6.4
"LASST350000000000004","New Mexico",2023,"M07","2023 Jul",35175,821,2.4,35,821,2.4
"LASST350000000000004","New Mexico",2023,"M08","2023 Aug",35657,4114,13,35,4114,13
"LASST350000000000004","New Mexico",2023,"M09","2023 Sep",36087,3559,10.9,35,3559,10.9
"LASST350000000000004","New Mexico",2023,"M10","2023 Oct",36404,3054,9.2,35,3054,9.2
"LASST350000000000004","New Mexico",2023,"M11","2023 Nov",36648,2725,8,35,2725,8
"LASST350000000000004","New Mexico",2023,"M12","2023 Dec",36840,2587,7.6,35,2587,7.6
"LASST350000000000004","New Mexico",2024,"M01","2024 Jan",37036,2584,7.5,35,2584,7.5
"LASST350000000000004","New Mexico",2024,"M02","2024 Feb",37452,2878,8.3,35,2878,8.3
"LASST350000000000004","New Mexico",2024,"M03","2024 Mar",38214,3557,10.3,35,3557,10.3
"LASST350000000000004","New Mexico",2024,"M04","2024 Apr",39177,4530,13.1,35,4530,13.1
"LASST350000000000004","New Mexico",2024,"M05","2024 May",40157,5494,15.8,35,5494,15.8
"LASST350000000000004","New Mexico",2024,"M06","2024 Jun",40990,6175,17.7,35,6175,17.7
"LASST350000000000004","New Mexico",2024,"M07","2024 Jul",41566,6391,18.2,35,6391,18.2
"LASST350000000000004","New Mexico",2024,"M08","2024 Aug",41823,6166,17.3,35,6166,17.3
"LASST350000000000004","New Mexico",2024,"M09","2024 Sep",41823,5736,15.9,35,5736,15.9
"LASST350000000000004","New Mexico",2024,"M10","2024 Oct",41635,5231,14.4,35,5231,14.4
"LASST350000000000004","New Mexico",2024,"M11","2024 Nov",41372,4724,12.9,35,4724,12.9
"LASST350000000000004","New Mexico",2024,"M12","2024 Dec",41142,4302,11.7,35,4302,11.7
"LASST350000000000004","New Mexico",2025,"M01","2025 Jan",40953,3917,10.6,35,3917,10.6
"LASST350000000000004","New Mexico",2025,"M02","2025 Feb",40748,3296,8.8,35,3296,8.8
"LASST350000000000004","New Mexico",2025,"M03","2025 Mar",40446,2232,5.8,35,2232,5.8
"LASST350000000000004","New Mexico",2025,"M04","2025 Apr",40153,976,2.5,35,976,2.5
"LASST350000000000004","New Mexico",2025,"M05","2025 May",39808,-349,-0.9,35,-349,-0.9
"LASST350000000000004","New Mexico",2025,"M06","2025 Jun",39496,-1494,-3.6,35,-1494,-3.6
"LASST350000000000004","New Mexico",2025,"M07","2025 Jul",39615,-1951,-4.7,35,-1951,-4.7
"LASST350000000000004","New Mexico",2025,"M08","2025 Aug",40240,-1583,-3.8,35,-1583,-3.8
"LASST350000000000004","New Mexico",2025,"M09","2025 Sep",41218,-605,-1.4,35,-605,-1.4
"LASST350000000000004","New Mexico",2025,"M10","2025 Oct",NA,NA,NA,35,NA,NA
"LASST350000000000004","New Mexico",2025,"M11","2025 Nov",42622,1250,3,35,1250,3
"LASST350000000000004","New Mexico",2025,"M12","2025 Dec",42624,1482,3.6,35,1482,3.6
"LASST370000000000004","North Carolina",2023,"M01","2023 Jan",186396,-5801,-3,37,-5801,-3
"LASST370000000000004","North Carolina",2023,"M02","2023 Feb",183865,-3977,-2.1,37,-3977,-2.1
"LASST370000000000004","North Carolina",2023,"M03","2023 Mar",181986,-4018,-2.2,37,-4018,-2.2
"LASST370000000000004","North Carolina",2023,"M04","2023 Apr",180785,-5365,-2.9,37,-5365,-2.9
"LASST370000000000004","North Carolina",2023,"M05","2023 May",180740,-7161,-3.8,37,-7161,-3.8
"LASST370000000000004","North Carolina",2023,"M06","2023 Jun",181124,-9284,-4.9,37,-9284,-4.9
"LASST370000000000004","North Carolina",2023,"M07","2023 Jul",182081,-10854,-5.6,37,-10854,-5.6
"LASST370000000000004","North Carolina",2023,"M08","2023 Aug",183552,-11851,-6.1,37,-11851,-6.1
"LASST370000000000004","North Carolina",2023,"M09","2023 Sep",184916,-10640,-5.4,37,-10640,-5.4
"LASST370000000000004","North Carolina",2023,"M10","2023 Oct",186049,-8879,-4.6,37,-8879,-4.6
"LASST370000000000004","North Carolina",2023,"M11","2023 Nov",186898,-5796,-3,37,-5796,-3
"LASST370000000000004","North Carolina",2023,"M12","2023 Dec",187400,-2074,-1.1,37,-2074,-1.1
"LASST370000000000004","North Carolina",2024,"M01","2024 Jan",187388,992,0.5,37,992,0.5
"LASST370000000000004","North Carolina",2024,"M02","2024 Feb",187706,3841,2.1,37,3841,2.1
"LASST370000000000004","North Carolina",2024,"M03","2024 Mar",188977,6991,3.8,37,6991,3.8
"LASST370000000000004","North Carolina",2024,"M04","2024 Apr",190718,9933,5.5,37,9933,5.5
"LASST370000000000004","North Carolina",2024,"M05","2024 May",192267,11527,6.4,37,11527,6.4
"LASST370000000000004","North Carolina",2024,"M06","2024 Jun",193449,12325,6.8,37,12325,6.8
"LASST370000000000004","North Carolina",2024,"M07","2024 Jul",194396,12315,6.8,37,12315,6.8
"LASST370000000000004","North Carolina",2024,"M08","2024 Aug",195254,11702,6.4,37,11702,6.4
"LASST370000000000004","North Carolina",2024,"M09","2024 Sep",196213,11297,6.1,37,11297,6.1
"LASST370000000000004","North Carolina",2024,"M10","2024 Oct",197111,11062,5.9,37,11062,5.9
"LASST370000000000004","North Carolina",2024,"M11","2024 Nov",198055,11157,6,37,11157,6
"LASST370000000000004","North Carolina",2024,"M12","2024 Dec",199305,11905,6.4,37,11905,6.4
"LASST370000000000004","North Carolina",2025,"M01","2025 Jan",200605,13217,7.1,37,13217,7.1
"LASST370000000000004","North Carolina",2025,"M02","2025 Feb",201344,13638,7.3,37,13638,7.3
"LASST370000000000004","North Carolina",2025,"M03","2025 Mar",201222,12245,6.5,37,12245,6.5
"LASST370000000000004","North Carolina",2025,"M04","2025 Apr",201150,10432,5.5,37,10432,5.5
"LASST370000000000004","North Carolina",2025,"M05","2025 May",201754,9487,4.9,37,9487,4.9
"LASST370000000000004","North Carolina",2025,"M06","2025 Jun",202847,9398,4.9,37,9398,4.9
"LASST370000000000004","North Carolina",2025,"M07","2025 Jul",203872,9476,4.9,37,9476,4.9
"LASST370000000000004","North Carolina",2025,"M08","2025 Aug",204464,9210,4.7,37,9210,4.7
"LASST370000000000004","North Carolina",2025,"M09","2025 Sep",204587,8374,4.3,37,8374,4.3
"LASST370000000000004","North Carolina",2025,"M10","2025 Oct",NA,NA,NA,37,NA,NA
"LASST370000000000004","North Carolina",2025,"M11","2025 Nov",203654,5599,2.8,37,5599,2.8
"LASST370000000000004","North Carolina",2025,"M12","2025 Dec",203385,4080,2,37,4080,2
"LASST390000000000004","Ohio",2023,"M01","2023 Jan",217658,-11304,-4.9,39,-11304,-4.9
"LASST390000000000004","Ohio",2023,"M02","2023 Feb",210946,-13363,-6,39,-13363,-6
"LASST390000000000004","Ohio",2023,"M03","2023 Mar",205110,-16785,-7.6,39,-16785,-7.6
"LASST390000000000004","Ohio",2023,"M04","2023 Apr",201108,-20690,-9.3,39,-20690,-9.3
"LASST390000000000004","Ohio",2023,"M05","2023 May",200285,-23527,-10.5,39,-23527,-10.5
"LASST390000000000004","Ohio",2023,"M06","2023 Jun",202682,-24711,-10.9,39,-24711,-10.9
"LASST390000000000004","Ohio",2023,"M07","2023 Jul",207671,-24176,-10.4,39,-24176,-10.4
"LASST390000000000004","Ohio",2023,"M08","2023 Aug",213922,-21934,-9.3,39,-21934,-9.3
"LASST390000000000004","Ohio",2023,"M09","2023 Sep",219976,-17324,-7.3,39,-17324,-7.3
"LASST390000000000004","Ohio",2023,"M10","2023 Oct",224637,-11144,-4.7,39,-11144,-4.7
"LASST390000000000004","Ohio",2023,"M11","2023 Nov",227746,-3485,-1.5,39,-3485,-1.5
"LASST390000000000004","Ohio",2023,"M12","2023 Dec",229901,5281,2.4,39,5281,2.4
"LASST390000000000004","Ohio",2024,"M01","2024 Jan",232035,14377,6.6,39,14377,6.6
"LASST390000000000004","Ohio",2024,"M02","2024 Feb",235912,24966,11.8,39,24966,11.8
"LASST390000000000004","Ohio",2024,"M03","2024 Mar",241842,36732,17.9,39,36732,17.9
"LASST390000000000004","Ohio",2024,"M04","2024 Apr",248423,47315,23.5,39,47315,23.5
"LASST390000000000004","Ohio",2024,"M05","2024 May",253998,53713,26.8,39,53713,26.8
"LASST390000000000004","Ohio",2024,"M06","2024 Jun",257973,55291,27.3,39,55291,27.3
"LASST390000000000004","Ohio",2024,"M07","2024 Jul",261096,53425,25.7,39,53425,25.7
"LASST390000000000004","Ohio",2024,"M08","2024 Aug",264282,50360,23.5,39,50360,23.5
"LASST390000000000004","Ohio",2024,"M09","2024 Sep",268394,48418,22,39,48418,22
"LASST390000000000004","Ohio",2024,"M10","2024 Oct",273525,48888,21.8,39,48888,21.8
"LASST390000000000004","Ohio",2024,"M11","2024 Nov",279398,51652,22.7,39,51652,22.7
"LASST390000000000004","Ohio",2024,"M12","2024 Dec",285176,55275,24,39,55275,24
"LASST390000000000004","Ohio",2025,"M01","2025 Jan",289136,57101,24.6,39,57101,24.6
"LASST390000000000004","Ohio",2025,"M02","2025 Feb",290164,54252,23,39,54252,23
"LASST390000000000004","Ohio",2025,"M03","2025 Mar",288205,46363,19.2,39,46363,19.2
"LASST390000000000004","Ohio",2025,"M04","2025 Apr",284187,35764,14.4,39,35764,14.4
"LASST390000000000004","Ohio",2025,"M05","2025 May",278644,24646,9.7,39,24646,9.7
"LASST390000000000004","Ohio",2025,"M06","2025 Jun",272391,14418,5.6,39,14418,5.6
"LASST390000000000004","Ohio",2025,"M07","2025 Jul",266133,5037,1.9,39,5037,1.9
"LASST390000000000004","Ohio",2025,"M08","2025 Aug",261080,-3202,-1.2,39,-3202,-1.2
"LASST390000000000004","Ohio",2025,"M09","2025 Sep",257972,-10422,-3.9,39,-10422,-3.9
"LASST390000000000004","Ohio",2025,"M10","2025 Oct",NA,NA,NA,39,NA,NA
"LASST390000000000004","Ohio",2025,"M11","2025 Nov",257719,-21679,-7.8,39,-21679,-7.8
"LASST390000000000004","Ohio",2025,"M12","2025 Dec",258432,-26744,-9.4,39,-26744,-9.4
"LASST400000000000004","Oklahoma",2023,"M01","2023 Jan",57538,3722,6.9,40,3722,6.9
"LASST400000000000004","Oklahoma",2023,"M02","2023 Feb",57280,2962,5.5,40,2962,5.5
"LASST400000000000004","Oklahoma",2023,"M03","2023 Mar",57306,2401,4.4,40,2401,4.4
"LASST400000000000004","Oklahoma",2023,"M04","2023 Apr",57630,2073,3.7,40,2073,3.7
"LASST400000000000004","Oklahoma",2023,"M05","2023 May",58498,2162,3.8,40,2162,3.8
"LASST400000000000004","Oklahoma",2023,"M06","2023 Jun",59898,2626,4.6,40,2626,4.6
"LASST400000000000004","Oklahoma",2023,"M07","2023 Jul",61729,3411,5.8,40,3411,5.8
"LASST400000000000004","Oklahoma",2023,"M08","2023 Aug",63729,4509,7.6,40,4509,7.6
"LASST400000000000004","Oklahoma",2023,"M09","2023 Sep",65548,5977,10,40,5977,10
"LASST400000000000004","Oklahoma",2023,"M10","2023 Oct",66820,7378,12.4,40,7378,12.4
"LASST400000000000004","Oklahoma",2023,"M11","2023 Nov",67366,8503,14.4,40,8503,14.4
"LASST400000000000004","Oklahoma",2023,"M12","2023 Dec",67209,9102,15.7,40,9102,15.7
"LASST400000000000004","Oklahoma",2024,"M01","2024 Jan",66457,8919,15.5,40,8919,15.5
"LASST400000000000004","Oklahoma",2024,"M02","2024 Feb",65660,8380,14.6,40,8380,14.6
"LASST400000000000004","Oklahoma",2024,"M03","2024 Mar",65159,7853,13.7,40,7853,13.7
"LASST400000000000004","Oklahoma",2024,"M04","2024 Apr",64862,7232,12.5,40,7232,12.5
"LASST400000000000004","Oklahoma",2024,"M05","2024 May",64602,6104,10.4,40,6104,10.4
"LASST400000000000004","Oklahoma",2024,"M06","2024 Jun",64306,4408,7.4,40,4408,7.4
"LASST400000000000004","Oklahoma",2024,"M07","2024 Jul",63976,2247,3.6,40,2247,3.6
"LASST400000000000004","Oklahoma",2024,"M08","2024 Aug",63527,-202,-0.3,40,-202,-0.3
"LASST400000000000004","Oklahoma",2024,"M09","2024 Sep",62954,-2594,-4,40,-2594,-4
"LASST400000000000004","Oklahoma",2024,"M10","2024 Oct",62335,-4485,-6.7,40,-4485,-6.7
"LASST400000000000004","Oklahoma",2024,"M11","2024 Nov",61864,-5502,-8.2,40,-5502,-8.2
"LASST400000000000004","Oklahoma",2024,"M12","2024 Dec",61668,-5541,-8.2,40,-5541,-8.2
"LASST400000000000004","Oklahoma",2025,"M01","2025 Jan",61740,-4717,-7.1,40,-4717,-7.1
"LASST400000000000004","Oklahoma",2025,"M02","2025 Feb",61950,-3710,-5.7,40,-3710,-5.7
"LASST400000000000004","Oklahoma",2025,"M03","2025 Mar",62207,-2952,-4.5,40,-2952,-4.5
"LASST400000000000004","Oklahoma",2025,"M04","2025 Apr",62725,-2137,-3.3,40,-2137,-3.3
"LASST400000000000004","Oklahoma",2025,"M05","2025 May",63460,-1142,-1.8,40,-1142,-1.8
"LASST400000000000004","Oklahoma",2025,"M06","2025 Jun",64585,279,0.4,40,279,0.4
"LASST400000000000004","Oklahoma",2025,"M07","2025 Jul",66663,2687,4.2,40,2687,4.2
"LASST400000000000004","Oklahoma",2025,"M08","2025 Aug",69486,5959,9.4,40,5959,9.4
"LASST400000000000004","Oklahoma",2025,"M09","2025 Sep",72540,9586,15.2,40,9586,15.2
"LASST400000000000004","Oklahoma",2025,"M10","2025 Oct",NA,NA,NA,40,NA,NA
"LASST400000000000004","Oklahoma",2025,"M11","2025 Nov",75647,13783,22.3,40,13783,22.3
"LASST400000000000004","Oklahoma",2025,"M12","2025 Dec",75403,13735,22.3,40,13735,22.3
"LASST410000000000004","Oregon",2023,"M01","2023 Jan",83613,-829,-1,41,-829,-1
"LASST410000000000004","Oregon",2023,"M02","2023 Feb",80525,-1810,-2.2,41,-1810,-2.2
"LASST410000000000004","Oregon",2023,"M03","2023 Mar",78398,-2650,-3.3,41,-2650,-3.3
"LASST410000000000004","Oregon",2023,"M04","2023 Apr",77521,-3833,-4.7,41,-3833,-4.7
"LASST410000000000004","Oregon",2023,"M05","2023 May",77977,-4353,-5.3,41,-4353,-5.3
"LASST410000000000004","Oregon",2023,"M06","2023 Jun",79264,-4640,-5.5,41,-4640,-5.5
"LASST410000000000004","Oregon",2023,"M07","2023 Jul",80917,-4349,-5.1,41,-4349,-5.1
"LASST410000000000004","Oregon",2023,"M08","2023 Aug",82616,-3604,-4.2,41,-3604,-4.2
"LASST410000000000004","Oregon",2023,"M09","2023 Sep",84206,-5048,-5.7,41,-5048,-5.7
"LASST410000000000004","Oregon",2023,"M10","2023 Oct",85764,-4818,-5.3,41,-4818,-5.3
"LASST410000000000004","Oregon",2023,"M11","2023 Nov",87447,-2280,-2.5,41,-2280,-2.5
"LASST410000000000004","Oregon",2023,"M12","2023 Dec",89011,1996,2.3,41,1996,2.3
"LASST410000000000004","Oregon",2024,"M01","2024 Jan",90023,6410,7.7,41,6410,7.7
"LASST410000000000004","Oregon",2024,"M02","2024 Feb",90612,10087,12.5,41,10087,12.5
"LASST410000000000004","Oregon",2024,"M03","2024 Mar",91066,12668,16.2,41,12668,16.2
"LASST410000000000004","Oregon",2024,"M04","2024 Apr",91439,13918,18,41,13918,18
"LASST410000000000004","Oregon",2024,"M05","2024 May",91815,13838,17.7,41,13838,17.7
"LASST410000000000004","Oregon",2024,"M06","2024 Jun",92357,13093,16.5,41,13093,16.5
"LASST410000000000004","Oregon",2024,"M07","2024 Jul",93203,12286,15.2,41,12286,15.2
"LASST410000000000004","Oregon",2024,"M08","2024 Aug",94389,11773,14.3,41,11773,14.3
"LASST410000000000004","Oregon",2024,"M09","2024 Sep",95932,11726,13.9,41,11726,13.9
"LASST410000000000004","Oregon",2024,"M10","2024 Oct",97813,12049,14,41,12049,14
"LASST410000000000004","Oregon",2024,"M11","2024 Nov",100053,12606,14.4,41,12606,14.4
"LASST410000000000004","Oregon",2024,"M12","2024 Dec",102648,13637,15.3,41,13637,15.3
"LASST410000000000004","Oregon",2025,"M01","2025 Jan",105475,15452,17.2,41,15452,17.2
"LASST410000000000004","Oregon",2025,"M02","2025 Feb",108210,17598,19.4,41,17598,19.4
"LASST410000000000004","Oregon",2025,"M03","2025 Mar",110540,19474,21.4,41,19474,21.4
"LASST410000000000004","Oregon",2025,"M04","2025 Apr",112591,21152,23.1,41,21152,23.1
"LASST410000000000004","Oregon",2025,"M05","2025 May",114403,22588,24.6,41,22588,24.6
"LASST410000000000004","Oregon",2025,"M06","2025 Jun",115934,23577,25.5,41,23577,25.5
"LASST410000000000004","Oregon",2025,"M07","2025 Jul",117048,23845,25.6,41,23845,25.6
"LASST410000000000004","Oregon",2025,"M08","2025 Aug",117619,23230,24.6,41,23230,24.6
"LASST410000000000004","Oregon",2025,"M09","2025 Sep",117691,21759,22.7,41,21759,22.7
"LASST410000000000004","Oregon",2025,"M10","2025 Oct",NA,NA,NA,41,NA,NA
"LASST410000000000004","Oregon",2025,"M11","2025 Nov",116980,16927,16.9,41,16927,16.9
"LASST410000000000004","Oregon",2025,"M12","2025 Dec",116823,14175,13.8,41,14175,13.8
"LASST420000000000004","Pennsylvania",2023,"M01","2023 Jan",252077,-27498,-9.8,42,-27498,-9.8
"LASST420000000000004","Pennsylvania",2023,"M02","2023 Feb",248238,-27215,-9.9,42,-27215,-9.9
"LASST420000000000004","Pennsylvania",2023,"M03","2023 Mar",243279,-31159,-11.4,42,-31159,-11.4
"LASST420000000000004","Pennsylvania",2023,"M04","2023 Apr",237782,-37011,-13.5,42,-37011,-13.5
"LASST420000000000004","Pennsylvania",2023,"M05","2023 May",233578,-40564,-14.8,42,-40564,-14.8
"LASST420000000000004","Pennsylvania",2023,"M06","2023 Jun",231408,-40578,-14.9,42,-40578,-14.9
"LASST420000000000004","Pennsylvania",2023,"M07","2023 Jul",231959,-37312,-13.9,42,-37312,-13.9
"LASST420000000000004","Pennsylvania",2023,"M08","2023 Aug",234927,-31710,-11.9,42,-31710,-11.9
"LASST420000000000004","Pennsylvania",2023,"M09","2023 Sep",238810,-24581,-9.3,42,-24581,-9.3
"LASST420000000000004","Pennsylvania",2023,"M10","2023 Oct",242292,-18439,-7.1,42,-18439,-7.1
"LASST420000000000004","Pennsylvania",2023,"M11","2023 Nov",244667,-13469,-5.2,42,-13469,-5.2
"LASST420000000000004","Pennsylvania",2023,"M12","2023 Dec",245421,-9778,-3.8,42,-9778,-3.8
"LASST420000000000004","Pennsylvania",2024,"M01","2024 Jan",244583,-7494,-3,42,-7494,-3
"LASST420000000000004","Pennsylvania",2024,"M02","2024 Feb",243753,-4485,-1.8,42,-4485,-1.8
"LASST420000000000004","Pennsylvania",2024,"M03","2024 Mar",244127,848,0.3,42,848,0.3
"LASST420000000000004","Pennsylvania",2024,"M04","2024 Apr",245397,7615,3.2,42,7615,3.2
"LASST420000000000004","Pennsylvania",2024,"M05","2024 May",247012,13434,5.8,42,13434,5.8
"LASST420000000000004","Pennsylvania",2024,"M06","2024 Jun",248583,17175,7.4,42,17175,7.4
"LASST420000000000004","Pennsylvania",2024,"M07","2024 Jul",250133,18174,7.8,42,18174,7.8
"LASST420000000000004","Pennsylvania",2024,"M08","2024 Aug",251973,17046,7.3,42,17046,7.3
"LASST420000000000004","Pennsylvania",2024,"M09","2024 Sep",254409,15599,6.5,42,15599,6.5
"LASST420000000000004","Pennsylvania",2024,"M10","2024 Oct",257127,14835,6.1,42,14835,6.1
"LASST420000000000004","Pennsylvania",2024,"M11","2024 Nov",260187,15520,6.3,42,15520,6.3
"LASST420000000000004","Pennsylvania",2024,"M12","2024 Dec",263705,18284,7.5,42,18284,7.5
"LASST420000000000004","Pennsylvania",2025,"M01","2025 Jan",267176,22593,9.2,42,22593,9.2
"LASST420000000000004","Pennsylvania",2025,"M02","2025 Feb",269724,25971,10.7,42,25971,10.7
"LASST420000000000004","Pennsylvania",2025,"M03","2025 Mar",270980,26853,11,42,26853,11
"LASST420000000000004","Pennsylvania",2025,"M04","2025 Apr",272347,26950,11,42,26950,11
"LASST420000000000004","Pennsylvania",2025,"M05","2025 May",275079,28067,11.4,42,28067,11.4
"LASST420000000000004","Pennsylvania",2025,"M06","2025 Jun",279315,30732,12.4,42,30732,12.4
"LASST420000000000004","Pennsylvania",2025,"M07","2025 Jul",283930,33797,13.5,42,33797,13.5
"LASST420000000000004","Pennsylvania",2025,"M08","2025 Aug",287521,35548,14.1,42,35548,14.1
"LASST420000000000004","Pennsylvania",2025,"M09","2025 Sep",289331,34922,13.7,42,34922,13.7
"LASST420000000000004","Pennsylvania",2025,"M10","2025 Oct",NA,NA,NA,42,NA,NA
"LASST420000000000004","Pennsylvania",2025,"M11","2025 Nov",287588,27401,10.5,42,27401,10.5
"LASST420000000000004","Pennsylvania",2025,"M12","2025 Dec",286684,22979,8.7,42,22979,8.7
"LASST470000000000004","Tennessee",2023,"M01","2023 Jan",113785,-629,-0.5,47,-629,-0.5
"LASST470000000000004","Tennessee",2023,"M02","2023 Feb",112433,-1417,-1.2,47,-1417,-1.2
"LASST470000000000004","Tennessee",2023,"M03","2023 Mar",110834,-2767,-2.4,47,-2767,-2.4
"LASST470000000000004","Tennessee",2023,"M04","2023 Apr",109188,-3997,-3.5,47,-3997,-3.5
"LASST470000000000004","Tennessee",2023,"M05","2023 May",108083,-4471,-4,47,-4471,-4
"LASST470000000000004","Tennessee",2023,"M06","2023 Jun",107706,-4534,-4,47,-4534,-4
"LASST470000000000004","Tennessee",2023,"M07","2023 Jul",108230,-4226,-3.8,47,-4226,-3.8
"LASST470000000000004","Tennessee",2023,"M08","2023 Aug",109515,-3550,-3.1,47,-3550,-3.1
"LASST470000000000004","Tennessee",2023,"M09","2023 Sep",110775,-2998,-2.6,47,-2998,-2.6
"LASST470000000000004","Tennessee",2023,"M10","2023 Oct",111375,-3300,-2.9,47,-3300,-2.9
"LASST470000000000004","Tennessee",2023,"M11","2023 Nov",111314,-3830,-3.3,47,-3830,-3.3
"LASST470000000000004","Tennessee",2023,"M12","2023 Dec",110584,-4174,-3.6,47,-4174,-3.6
"LASST470000000000004","Tennessee",2024,"M01","2024 Jan",109317,-4468,-3.9,47,-4468,-3.9
"LASST470000000000004","Tennessee",2024,"M02","2024 Feb",108474,-3959,-3.5,47,-3959,-3.5
"LASST470000000000004","Tennessee",2024,"M03","2024 Mar",108877,-1957,-1.8,47,-1957,-1.8
"LASST470000000000004","Tennessee",2024,"M04","2024 Apr",110538,1350,1.2,47,1350,1.2
"LASST470000000000004","Tennessee",2024,"M05","2024 May",112950,4867,4.5,47,4867,4.5
"LASST470000000000004","Tennessee",2024,"M06","2024 Jun",115654,7948,7.4,47,7948,7.4
"LASST470000000000004","Tennessee",2024,"M07","2024 Jul",118357,10127,9.4,47,10127,9.4
"LASST470000000000004","Tennessee",2024,"M08","2024 Aug",120706,11191,10.2,47,11191,10.2
"LASST470000000000004","Tennessee",2024,"M09","2024 Sep",122516,11741,10.6,47,11741,10.6
"LASST470000000000004","Tennessee",2024,"M10","2024 Oct",123637,12262,11,47,12262,11
"LASST470000000000004","Tennessee",2024,"M11","2024 Nov",124007,12693,11.4,47,12693,11.4
"LASST470000000000004","Tennessee",2024,"M12","2024 Dec",123960,13376,12.1,47,13376,12.1
"LASST470000000000004","Tennessee",2025,"M01","2025 Jan",123744,14427,13.2,47,14427,13.2
"LASST470000000000004","Tennessee",2025,"M02","2025 Feb",123452,14978,13.8,47,14978,13.8
"LASST470000000000004","Tennessee",2025,"M03","2025 Mar",123043,14166,13,47,14166,13
"LASST470000000000004","Tennessee",2025,"M04","2025 Apr",122760,12222,11.1,47,12222,11.1
"LASST470000000000004","Tennessee",2025,"M05","2025 May",122632,9682,8.6,47,9682,8.6
"LASST470000000000004","Tennessee",2025,"M06","2025 Jun",122625,6971,6,47,6971,6
"LASST470000000000004","Tennessee",2025,"M07","2025 Jul",122941,4584,3.9,47,4584,3.9
"LASST470000000000004","Tennessee",2025,"M08","2025 Aug",123626,2920,2.4,47,2920,2.4
"LASST470000000000004","Tennessee",2025,"M09","2025 Sep",124600,2084,1.7,47,2084,1.7
"LASST470000000000004","Tennessee",2025,"M10","2025 Oct",NA,NA,NA,47,NA,NA
"LASST470000000000004","Tennessee",2025,"M11","2025 Nov",125944,1937,1.6,47,1937,1.6
"LASST470000000000004","Tennessee",2025,"M12","2025 Dec",125942,1982,1.6,47,1982,1.6
"LASST480000000000004","Texas",2023,"M01","2023 Jan",614051,-19609,-3.1,48,-19609,-3.1
"LASST480000000000004","Texas",2023,"M02","2023 Feb",617286,12641,2.1,48,12641,2.1
"LASST480000000000004","Texas",2023,"M03","2023 Mar",616982,36411,6.3,48,36411,6.3
"LASST480000000000004","Texas",2023,"M04","2023 Apr",614379,42641,7.5,48,42641,7.5
"LASST480000000000004","Texas",2023,"M05","2023 May",611911,43978,7.7,48,43978,7.7
"LASST480000000000004","Texas",2023,"M06","2023 Jun",609668,45228,8,48,45228,8
"LASST480000000000004","Texas",2023,"M07","2023 Jul",608103,48984,8.8,48,48984,8.8
"LASST480000000000004","Texas",2023,"M08","2023 Aug",607307,56607,10.3,48,56607,10.3
"LASST480000000000004","Texas",2023,"M09","2023 Sep",606754,38046,6.7,48,38046,6.7
"LASST480000000000004","Texas",2023,"M10","2023 Oct",606522,22207,3.8,48,22207,3.8
"LASST480000000000004","Texas",2023,"M11","2023 Nov",607382,10134,1.7,48,10134,1.7
"LASST480000000000004","Texas",2023,"M12","2023 Dec",608830,1728,0.3,48,1728,0.3
"LASST480000000000004","Texas",2024,"M01","2024 Jan",610776,-3275,-0.5,48,-3275,-0.5
"LASST480000000000004","Texas",2024,"M02","2024 Feb",615346,-1940,-0.3,48,-1940,-0.3
"LASST480000000000004","Texas",2024,"M03","2024 Mar",622908,5926,1,48,5926,1
"LASST480000000000004","Texas",2024,"M04","2024 Apr",631555,17176,2.8,48,17176,2.8
"LASST480000000000004","Texas",2024,"M05","2024 May",639518,27607,4.5,48,27607,4.5
"LASST480000000000004","Texas",2024,"M06","2024 Jun",646898,37230,6.1,48,37230,6.1
"LASST480000000000004","Texas",2024,"M07","2024 Jul",653973,45870,7.5,48,45870,7.5
"LASST480000000000004","Texas",2024,"M08","2024 Aug",659149,51842,8.5,48,51842,8.5
"LASST480000000000004","Texas",2024,"M09","2024 Sep",661076,54322,9,48,54322,9
"LASST480000000000004","Texas",2024,"M10","2024 Oct",658933,52411,8.6,48,52411,8.6
"LASST480000000000004","Texas",2024,"M11","2024 Nov",654491,47109,7.8,48,47109,7.8
"LASST480000000000004","Texas",2024,"M12","2024 Dec",650898,42068,6.9,48,42068,6.9
"LASST480000000000004","Texas",2025,"M01","2025 Jan",648832,38056,6.2,48,38056,6.2
"LASST480000000000004","Texas",2025,"M02","2025 Feb",647113,31767,5.2,48,31767,5.2
"LASST480000000000004","Texas",2025,"M03","2025 Mar",645756,22848,3.7,48,22848,3.7
"LASST480000000000004","Texas",2025,"M04","2025 Apr",647115,15560,2.5,48,15560,2.5
"LASST480000000000004","Texas",2025,"M05","2025 May",651643,12125,1.9,48,12125,1.9
"LASST480000000000004","Texas",2025,"M06","2025 Jun",658144,11246,1.7,48,11246,1.7
"LASST480000000000004","Texas",2025,"M07","2025 Jul",665924,11951,1.8,48,11951,1.8
"LASST480000000000004","Texas",2025,"M08","2025 Aug",674044,14895,2.3,48,14895,2.3
"LASST480000000000004","Texas",2025,"M09","2025 Sep",681505,20429,3.1,48,20429,3.1
"LASST480000000000004","Texas",2025,"M10","2025 Oct",NA,NA,NA,48,NA,NA
"LASST480000000000004","Texas",2025,"M11","2025 Nov",685618,31127,4.8,48,31127,4.8
"LASST480000000000004","Texas",2025,"M12","2025 Dec",684133,33235,5.1,48,33235,5.1
"LASST490000000000004","Utah",2023,"M01","2023 Jan",45455,6809,17.6,49,6809,17.6
"LASST490000000000004","Utah",2023,"M02","2023 Feb",45619,6581,16.9,49,6581,16.9
"LASST490000000000004","Utah",2023,"M03","2023 Mar",45769,6255,15.8,49,6255,15.8
"LASST490000000000004","Utah",2023,"M04","2023 Apr",46050,6059,15.2,49,6059,15.2
"LASST490000000000004","Utah",2023,"M05","2023 May",46664,6203,15.3,49,6203,15.3
"LASST490000000000004","Utah",2023,"M06","2023 Jun",47607,6642,16.2,49,6642,16.2
"LASST490000000000004","Utah",2023,"M07","2023 Jul",48815,7239,17.4,49,7239,17.4
"LASST490000000000004","Utah",2023,"M08","2023 Aug",50108,7794,18.4,49,7794,18.4
"LASST490000000000004","Utah",2023,"M09","2023 Sep",51309,8228,19.1,49,8228,19.1
"LASST490000000000004","Utah",2023,"M10","2023 Oct",52366,8447,19.2,49,8447,19.2
"LASST490000000000004","Utah",2023,"M11","2023 Nov",53288,8647,19.4,49,8647,19.4
"LASST490000000000004","Utah",2023,"M12","2023 Dec",54069,8925,19.8,49,8925,19.8
"LASST490000000000004","Utah",2024,"M01","2024 Jan",54789,9334,20.5,49,9334,20.5
"LASST490000000000004","Utah",2024,"M02","2024 Feb",55740,10121,22.2,49,10121,22.2
"LASST490000000000004","Utah",2024,"M03","2024 Mar",57076,11307,24.7,49,11307,24.7
"LASST490000000000004","Utah",2024,"M04","2024 Apr",58623,12573,27.3,49,12573,27.3
"LASST490000000000004","Utah",2024,"M05","2024 May",60083,13419,28.8,49,13419,28.8
"LASST490000000000004","Utah",2024,"M06","2024 Jun",61217,13610,28.6,49,13610,28.6
"LASST490000000000004","Utah",2024,"M07","2024 Jul",61931,13116,26.9,49,13116,26.9
"LASST490000000000004","Utah",2024,"M08","2024 Aug",62170,12062,24.1,49,12062,24.1
"LASST490000000000004","Utah",2024,"M09","2024 Sep",62001,10692,20.8,49,10692,20.8
"LASST490000000000004","Utah",2024,"M10","2024 Oct",61558,9192,17.6,49,9192,17.6
"LASST490000000000004","Utah",2024,"M11","2024 Nov",61153,7865,14.8,49,7865,14.8
"LASST490000000000004","Utah",2024,"M12","2024 Dec",61069,7000,12.9,49,7000,12.9
"LASST490000000000004","Utah",2025,"M01","2025 Jan",61352,6563,12,49,6563,12
"LASST490000000000004","Utah",2025,"M02","2025 Feb",61852,6112,11,49,6112,11
"LASST490000000000004","Utah",2025,"M03","2025 Mar",62365,5289,9.3,49,5289,9.3
"LASST490000000000004","Utah",2025,"M04","2025 Apr",62930,4307,7.3,49,4307,7.3
"LASST490000000000004","Utah",2025,"M05","2025 May",63502,3419,5.7,49,3419,5.7
"LASST490000000000004","Utah",2025,"M06","2025 Jun",64104,2887,4.7,49,2887,4.7
"LASST490000000000004","Utah",2025,"M07","2025 Jul",64956,3025,4.9,49,3025,4.9
"LASST490000000000004","Utah",2025,"M08","2025 Aug",66014,3844,6.2,49,3844,6.2
"LASST490000000000004","Utah",2025,"M09","2025 Sep",67141,5140,8.3,49,5140,8.3
"LASST490000000000004","Utah",2025,"M10","2025 Oct",NA,NA,NA,49,NA,NA
"LASST490000000000004","Utah",2025,"M11","2025 Nov",68248,7095,11.6,49,7095,11.6
"LASST490000000000004","Utah",2025,"M12","2025 Dec",68140,7071,11.6,49,7071,11.6
"LASST500000000000004","Vermont",2023,"M01","2023 Jan",7384,-797,-9.7,50,-797,-9.7
"LASST500000000000004","Vermont",2023,"M02","2023 Feb",6960,-925,-11.7,50,-925,-11.7
"LASST500000000000004","Vermont",2023,"M03","2023 Mar",6580,-1137,-14.7,50,-1137,-14.7
"LASST500000000000004","Vermont",2023,"M04","2023 Apr",6317,-1354,-17.7,50,-1354,-17.7
"LASST500000000000004","Vermont",2023,"M05","2023 May",6229,-1500,-19.4,50,-1500,-19.4
"LASST500000000000004","Vermont",2023,"M06","2023 Jun",6302,-1556,-19.8,50,-1556,-19.8
"LASST500000000000004","Vermont",2023,"M07","2023 Jul",6488,-1543,-19.2,50,-1543,-19.2
"LASST500000000000004","Vermont",2023,"M08","2023 Aug",6727,-1451,-17.7,50,-1451,-17.7
"LASST500000000000004","Vermont",2023,"M09","2023 Sep",6949,-1282,-15.6,50,-1282,-15.6
"LASST500000000000004","Vermont",2023,"M10","2023 Oct",7092,-1103,-13.5,50,-1103,-13.5
"LASST500000000000004","Vermont",2023,"M11","2023 Nov",7158,-889,-11,50,-889,-11
"LASST500000000000004","Vermont",2023,"M12","2023 Dec",7190,-576,-7.4,50,-576,-7.4
"LASST500000000000004","Vermont",2024,"M01","2024 Jan",7208,-176,-2.4,50,-176,-2.4
"LASST500000000000004","Vermont",2024,"M02","2024 Feb",7260,300,4.3,50,300,4.3
"LASST500000000000004","Vermont",2024,"M03","2024 Mar",7388,808,12.3,50,808,12.3
"LASST500000000000004","Vermont",2024,"M04","2024 Apr",7582,1265,20,50,1265,20
"LASST500000000000004","Vermont",2024,"M05","2024 May",7813,1584,25.4,50,1584,25.4
"LASST500000000000004","Vermont",2024,"M06","2024 Jun",8053,1751,27.8,50,1751,27.8
"LASST500000000000004","Vermont",2024,"M07","2024 Jul",8285,1797,27.7,50,1797,27.7
"LASST500000000000004","Vermont",2024,"M08","2024 Aug",8477,1750,26,50,1750,26
"LASST500000000000004","Vermont",2024,"M09","2024 Sep",8619,1670,24,50,1670,24
"LASST500000000000004","Vermont",2024,"M10","2024 Oct",8723,1631,23,50,1631,23
"LASST500000000000004","Vermont",2024,"M11","2024 Nov",8821,1663,23.2,50,1663,23.2
"LASST500000000000004","Vermont",2024,"M12","2024 Dec",8924,1734,24.1,50,1734,24.1
"LASST500000000000004","Vermont",2025,"M01","2025 Jan",9029,1821,25.3,50,1821,25.3
"LASST500000000000004","Vermont",2025,"M02","2025 Feb",9123,1863,25.7,50,1863,25.7
"LASST500000000000004","Vermont",2025,"M03","2025 Mar",9173,1785,24.2,50,1785,24.2
"LASST500000000000004","Vermont",2025,"M04","2025 Apr",9188,1606,21.2,50,1606,21.2
"LASST500000000000004","Vermont",2025,"M05","2025 May",9164,1351,17.3,50,1351,17.3
"LASST500000000000004","Vermont",2025,"M06","2025 Jun",9116,1063,13.2,50,1063,13.2
"LASST500000000000004","Vermont",2025,"M07","2025 Jul",9082,797,9.6,50,797,9.6
"LASST500000000000004","Vermont",2025,"M08","2025 Aug",9088,611,7.2,50,611,7.2
"LASST500000000000004","Vermont",2025,"M09","2025 Sep",9135,516,6,50,516,6
"LASST500000000000004","Vermont",2025,"M10","2025 Oct",NA,NA,NA,50,NA,NA
"LASST500000000000004","Vermont",2025,"M11","2025 Nov",9219,398,4.5,50,398,4.5
"LASST500000000000004","Vermont",2025,"M12","2025 Dec",9219,295,3.3,50,295,3.3
"LASST510000000000004","Virginia",2023,"M01","2023 Jan",128956,11191,9.5,51,11191,9.5
"LASST510000000000004","Virginia",2023,"M02","2023 Feb",126402,10790,9.3,51,10790,9.3
"LASST510000000000004","Virginia",2023,"M03","2023 Mar",122848,8704,7.6,51,8704,7.6
"LASST510000000000004","Virginia",2023,"M04","2023 Apr",118929,5890,5.2,51,5890,5.2
"LASST510000000000004","Virginia",2023,"M05","2023 May",116039,3738,3.3,51,3738,3.3
"LASST510000000000004","Virginia",2023,"M06","2023 Jun",115043,1979,1.8,51,1979,1.8
"LASST510000000000004","Virginia",2023,"M07","2023 Jul",116201,406,0.4,51,406,0.4
"LASST510000000000004","Virginia",2023,"M08","2023 Aug",119159,-309,-0.3,51,-309,-0.3
"LASST510000000000004","Virginia",2023,"M09","2023 Sep",122830,-784,-0.6,51,-784,-0.6
"LASST510000000000004","Virginia",2023,"M10","2023 Oct",126115,-1453,-1.1,51,-1453,-1.1
"LASST510000000000004","Virginia",2023,"M11","2023 Nov",128110,-1927,-1.5,51,-1927,-1.5
"LASST510000000000004","Virginia",2023,"M12","2023 Dec",128396,-1967,-1.5,51,-1967,-1.5
"LASST510000000000004","Virginia",2024,"M01","2024 Jan",127270,-1686,-1.3,51,-1686,-1.3
"LASST510000000000004","Virginia",2024,"M02","2024 Feb",126091,-311,-0.2,51,-311,-0.2
"LASST510000000000004","Virginia",2024,"M03","2024 Mar",125977,3129,2.5,51,3129,2.5
"LASST510000000000004","Virginia",2024,"M04","2024 Apr",126930,8001,6.7,51,8001,6.7
"LASST510000000000004","Virginia",2024,"M05","2024 May",128556,12517,10.8,51,12517,10.8
"LASST510000000000004","Virginia",2024,"M06","2024 Jun",130656,15613,13.6,51,15613,13.6
"LASST510000000000004","Virginia",2024,"M07","2024 Jul",132986,16785,14.4,51,16785,14.4
"LASST510000000000004","Virginia",2024,"M08","2024 Aug",135259,16100,13.5,51,16100,13.5
"LASST510000000000004","Virginia",2024,"M09","2024 Sep",137270,14440,11.8,51,14440,11.8
"LASST510000000000004","Virginia",2024,"M10","2024 Oct",139061,12946,10.3,51,12946,10.3
"LASST510000000000004","Virginia",2024,"M11","2024 Nov",140976,12866,10,51,12866,10
"LASST510000000000004","Virginia",2024,"M12","2024 Dec",143130,14734,11.5,51,14734,11.5
"LASST510000000000004","Virginia",2025,"M01","2025 Jan",145337,18067,14.2,51,18067,14.2
"LASST510000000000004","Virginia",2025,"M02","2025 Feb",147140,21049,16.7,51,21049,16.7
"LASST510000000000004","Virginia",2025,"M03","2025 Mar",148044,22067,17.5,51,22067,17.5
"LASST510000000000004","Virginia",2025,"M04","2025 Apr",148260,21330,16.8,51,21330,16.8
"LASST510000000000004","Virginia",2025,"M05","2025 May",147686,19130,14.9,51,19130,14.9
"LASST510000000000004","Virginia",2025,"M06","2025 Jun",146890,16234,12.4,51,16234,12.4
"LASST510000000000004","Virginia",2025,"M07","2025 Jul",147691,14705,11.1,51,14705,11.1
"LASST510000000000004","Virginia",2025,"M08","2025 Aug",150610,15351,11.3,51,15351,11.3
"LASST510000000000004","Virginia",2025,"M09","2025 Sep",154998,17728,12.9,51,17728,12.9
"LASST510000000000004","Virginia",2025,"M10","2025 Oct",NA,NA,NA,51,NA,NA
"LASST510000000000004","Virginia",2025,"M11","2025 Nov",161009,20033,14.2,51,20033,14.2
"LASST510000000000004","Virginia",2025,"M12","2025 Dec",160941,17811,12.4,51,17811,12.4
"LASST530000000000004","Washington",2023,"M01","2023 Jan",164878,9302,6,53,9302,6
"LASST530000000000004","Washington",2023,"M02","2023 Feb",162641,7897,5.1,53,7897,5.1
"LASST530000000000004","Washington",2023,"M03","2023 Mar",160617,5428,3.5,53,5428,3.5
"LASST530000000000004","Washington",2023,"M04","2023 Apr",159339,3314,2.1,53,3314,2.1
"LASST530000000000004","Washington",2023,"M05","2023 May",159768,3077,2,53,3077,2
"LASST530000000000004","Washington",2023,"M06","2023 Jun",161952,4176,2.6,53,4176,2.6
"LASST530000000000004","Washington",2023,"M07","2023 Jul",165762,5875,3.7,53,5875,3.7
"LASST530000000000004","Washington",2023,"M08","2023 Aug",170768,7923,4.9,53,7923,4.9
"LASST530000000000004","Washington",2023,"M09","2023 Sep",176162,10739,6.5,53,10739,6.5
"LASST530000000000004","Washington",2023,"M10","2023 Oct",180903,13638,8.2,53,13638,8.2
"LASST530000000000004","Washington",2023,"M11","2023 Nov",184098,16383,9.8,53,16383,9.8
"LASST530000000000004","Washington",2023,"M12","2023 Dec",185382,18656,11.2,53,18656,11.2
"LASST530000000000004","Washington",2024,"M01","2024 Jan",185187,20309,12.3,53,20309,12.3
"LASST530000000000004","Washington",2024,"M02","2024 Feb",184678,22037,13.5,53,22037,13.5
"LASST530000000000004","Washington",2024,"M03","2024 Mar",184649,24032,15,53,24032,15
"LASST530000000000004","Washington",2024,"M04","2024 Apr",184820,25481,16,53,25481,16
"LASST530000000000004","Washington",2024,"M05","2024 May",184817,25049,15.7,53,25049,15.7
"LASST530000000000004","Washington",2024,"M06","2024 Jun",184447,22495,13.9,53,22495,13.9
"LASST530000000000004","Washington",2024,"M07","2024 Jul",183535,17773,10.7,53,17773,10.7
"LASST530000000000004","Washington",2024,"M08","2024 Aug",181673,10905,6.4,53,10905,6.4
"LASST530000000000004","Washington",2024,"M09","2024 Sep",179141,2979,1.7,53,2979,1.7
"LASST530000000000004","Washington",2024,"M10","2024 Oct",176582,-4321,-2.4,53,-4321,-2.4
"LASST530000000000004","Washington",2024,"M11","2024 Nov",175032,-9066,-4.9,53,-9066,-4.9
"LASST530000000000004","Washington",2024,"M12","2024 Dec",175202,-10180,-5.5,53,-10180,-5.5
"LASST530000000000004","Washington",2025,"M01","2025 Jan",176838,-8349,-4.5,53,-8349,-4.5
"LASST530000000000004","Washington",2025,"M02","2025 Feb",179192,-5486,-3,53,-5486,-3
"LASST530000000000004","Washington",2025,"M03","2025 Mar",181390,-3259,-1.8,53,-3259,-1.8
"LASST530000000000004","Washington",2025,"M04","2025 Apr",183272,-1548,-0.8,53,-1548,-0.8
"LASST530000000000004","Washington",2025,"M05","2025 May",184110,-707,-0.4,53,-707,-0.4
"LASST530000000000004","Washington",2025,"M06","2025 Jun",184009,-438,-0.2,53,-438,-0.2
"LASST530000000000004","Washington",2025,"M07","2025 Jul",184914,1379,0.8,53,1379,0.8
"LASST530000000000004","Washington",2025,"M08","2025 Aug",187705,6032,3.3,53,6032,3.3
"LASST530000000000004","Washington",2025,"M09","2025 Sep",192034,12893,7.2,53,12893,7.2
"LASST530000000000004","Washington",2025,"M10","2025 Oct",NA,NA,NA,53,NA,NA
"LASST530000000000004","Washington",2025,"M11","2025 Nov",198199,23167,13.2,53,23167,13.2
"LASST530000000000004","Washington",2025,"M12","2025 Dec",198168,22966,13.1,53,22966,13.1
"LASST550000000000004","Wisconsin",2023,"M01","2023 Jan",80301,-10718,-11.8,55,-10718,-11.8
"LASST550000000000004","Wisconsin",2023,"M02","2023 Feb",79844,-10142,-11.3,55,-10142,-11.3
"LASST550000000000004","Wisconsin",2023,"M03","2023 Mar",80720,-8370,-9.4,55,-8370,-9.4
"LASST550000000000004","Wisconsin",2023,"M04","2023 Apr",82840,-5385,-6.1,55,-5385,-6.1
"LASST550000000000004","Wisconsin",2023,"M05","2023 May",85887,-1599,-1.8,55,-1599,-1.8
"LASST550000000000004","Wisconsin",2023,"M06","2023 Jun",89162,1966,2.3,55,1966,2.3
"LASST550000000000004","Wisconsin",2023,"M07","2023 Jul",92075,4647,5.3,55,4647,5.3
"LASST550000000000004","Wisconsin",2023,"M08","2023 Aug",93972,6265,7.1,55,6265,7.1
"LASST550000000000004","Wisconsin",2023,"M09","2023 Sep",94361,7046,8.1,55,7046,8.1
"LASST550000000000004","Wisconsin",2023,"M10","2023 Oct",93578,7404,8.6,55,7404,8.6
"LASST550000000000004","Wisconsin",2023,"M11","2023 Nov",92367,8162,9.7,55,8162,9.7
"LASST550000000000004","Wisconsin",2023,"M12","2023 Dec",91250,9341,11.4,55,9341,11.4
"LASST550000000000004","Wisconsin",2024,"M01","2024 Jan",90539,10238,12.7,55,10238,12.7
"LASST550000000000004","Wisconsin",2024,"M02","2024 Feb",90758,10914,13.7,55,10914,13.7
"LASST550000000000004","Wisconsin",2024,"M03","2024 Mar",91825,11105,13.8,55,11105,13.8
"LASST550000000000004","Wisconsin",2024,"M04","2024 Apr",92965,10125,12.2,55,10125,12.2
"LASST550000000000004","Wisconsin",2024,"M05","2024 May",93699,7812,9.1,55,7812,9.1
"LASST550000000000004","Wisconsin",2024,"M06","2024 Jun",93942,4780,5.4,55,4780,5.4
"LASST550000000000004","Wisconsin",2024,"M07","2024 Jul",94014,1939,2.1,55,1939,2.1
"LASST550000000000004","Wisconsin",2024,"M08","2024 Aug",94438,466,0.5,55,466,0.5
"LASST550000000000004","Wisconsin",2024,"M09","2024 Sep",95588,1227,1.3,55,1227,1.3
"LASST550000000000004","Wisconsin",2024,"M10","2024 Oct",97217,3639,3.9,55,3639,3.9
"LASST550000000000004","Wisconsin",2024,"M11","2024 Nov",99032,6665,7.2,55,6665,7.2
"LASST550000000000004","Wisconsin",2024,"M12","2024 Dec",100802,9552,10.5,55,9552,10.5
"LASST550000000000004","Wisconsin",2025,"M01","2025 Jan",101997,11458,12.7,55,11458,12.7
"LASST550000000000004","Wisconsin",2025,"M02","2025 Feb",102104,11346,12.5,55,11346,12.5
"LASST550000000000004","Wisconsin",2025,"M03","2025 Mar",101069,9244,10.1,55,9244,10.1
"LASST550000000000004","Wisconsin",2025,"M04","2025 Apr",99407,6442,6.9,55,6442,6.9
"LASST550000000000004","Wisconsin",2025,"M05","2025 May",97371,3672,3.9,55,3672,3.9
"LASST550000000000004","Wisconsin",2025,"M06","2025 Jun",95407,1465,1.6,55,1465,1.6
"LASST550000000000004","Wisconsin",2025,"M07","2025 Jul",94452,438,0.5,55,438,0.5
"LASST550000000000004","Wisconsin",2025,"M08","2025 Aug",94888,450,0.5,55,450,0.5
"LASST550000000000004","Wisconsin",2025,"M09","2025 Sep",96508,920,1,55,920,1
"LASST550000000000004","Wisconsin",2025,"M10","2025 Oct",NA,NA,NA,55,NA,NA
"LASST550000000000004","Wisconsin",2025,"M11","2025 Nov",99488,456,0.5,55,456,0.5
"LASST550000000000004","Wisconsin",2025,"M12","2025 Dec",99593,-1209,-1.2,55,-1209,-1.2
"LASST560000000000004","Wyoming",2023,"M01","2023 Jan",9557,-488,-4.9,56,-488,-4.9
"LASST560000000000004","Wyoming",2023,"M02","2023 Feb",9233,-643,-6.5,56,-643,-6.5
"LASST560000000000004","Wyoming",2023,"M03","2023 Mar",8906,-877,-9,56,-877,-9
"LASST560000000000004","Wyoming",2023,"M04","2023 Apr",8610,-1163,-11.9,56,-1163,-11.9
"LASST560000000000004","Wyoming",2023,"M05","2023 May",8394,-1450,-14.7,56,-1450,-14.7
"LASST560000000000004","Wyoming",2023,"M06","2023 Jun",8283,-1681,-16.9,56,-1681,-16.9
"LASST560000000000004","Wyoming",2023,"M07","2023 Jul",8262,-1841,-18.2,56,-1841,-18.2
"LASST560000000000004","Wyoming",2023,"M08","2023 Aug",8280,-1941,-19,56,-1941,-19
"LASST560000000000004","Wyoming",2023,"M09","2023 Sep",8295,-1962,-19.1,56,-1962,-19.1
"LASST560000000000004","Wyoming",2023,"M10","2023 Oct",8292,-1915,-18.8,56,-1915,-18.8
"LASST560000000000004","Wyoming",2023,"M11","2023 Nov",8277,-1792,-17.8,56,-1792,-17.8
"LASST560000000000004","Wyoming",2023,"M12","2023 Dec",8275,-1569,-15.9,56,-1569,-15.9
"LASST560000000000004","Wyoming",2024,"M01","2024 Jan",8306,-1251,-13.1,56,-1251,-13.1
"LASST560000000000004","Wyoming",2024,"M02","2024 Feb",8396,-837,-9.1,56,-837,-9.1
"LASST560000000000004","Wyoming",2024,"M03","2024 Mar",8558,-348,-3.9,56,-348,-3.9
"LASST560000000000004","Wyoming",2024,"M04","2024 Apr",8760,150,1.7,56,150,1.7
"LASST560000000000004","Wyoming",2024,"M05","2024 May",8957,563,6.7,56,563,6.7
"LASST560000000000004","Wyoming",2024,"M06","2024 Jun",9128,845,10.2,56,845,10.2
"LASST560000000000004","Wyoming",2024,"M07","2024 Jul",9283,1021,12.4,56,1021,12.4
"LASST560000000000004","Wyoming",2024,"M08","2024 Aug",9431,1151,13.9,56,1151,13.9
"LASST560000000000004","Wyoming",2024,"M09","2024 Sep",9550,1255,15.1,56,1255,15.1
"LASST560000000000004","Wyoming",2024,"M10","2024 Oct",9604,1312,15.8,56,1312,15.8
"LASST560000000000004","Wyoming",2024,"M11","2024 Nov",9586,1309,15.8,56,1309,15.8
"LASST560000000000004","Wyoming",2024,"M12","2024 Dec",9518,1243,15,56,1243,15
"LASST560000000000004","Wyoming",2025,"M01","2025 Jan",9440,1134,13.7,56,1134,13.7
"LASST560000000000004","Wyoming",2025,"M02","2025 Feb",9380,984,11.7,56,984,11.7
"LASST560000000000004","Wyoming",2025,"M03","2025 Mar",9323,765,8.9,56,765,8.9
"LASST560000000000004","Wyoming",2025,"M04","2025 Apr",9288,528,6,56,528,6
"LASST560000000000004","Wyoming",2025,"M05","2025 May",9277,320,3.6,56,320,3.6
"LASST560000000000004","Wyoming",2025,"M06","2025 Jun",9291,163,1.8,56,163,1.8
"LASST560000000000004","Wyoming",2025,"M07","2025 Jul",9375,92,1,56,92,1
"LASST560000000000004","Wyoming",2025,"M08","2025 Aug",9526,95,1,56,95,1
"LASST560000000000004","Wyoming",2025,"M09","2025 Sep",9731,181,1.9,56,181,1.9
"LASST560000000000004","Wyoming",2025,"M10","2025 Oct",NA,NA,NA,56,NA,NA
"LASST560000000000004","Wyoming",2025,"M11","2025 Nov",10010,424,4.4,56,424,4.4
"LASST560000000000004","Wyoming",2025,"M12","2025 Dec",10007,489,5.1,56,489,5.1
"LAUST010000000000004","Alabama",2023,"M01","2023 Jan",59133,-9759,-14.2,1,-9759,-14.2
"LAUST010000000000004","Alabama",2023,"M02","2023 Feb",57918,-6828,-10.5,1,-6828,-10.5
"LAUST010000000000004","Alabama",2023,"M03","2023 Mar",51056,-4571,-8.2,1,-4571,-8.2
"LAUST010000000000004","Alabama",2023,"M04","2023 Apr",41633,-5516,-11.7,1,-5516,-11.7
"LAUST010000000000004","Alabama",2023,"M05","2023 May",47616,-2351,-4.7,1,-2351,-4.7
"LAUST010000000000004","Alabama",2023,"M06","2023 Jun",62154,-6149,-9,1,-6149,-9
"LAUST010000000000004","Alabama",2023,"M07","2023 Jul",60470,-4758,-7.3,1,-4758,-7.3
"LAUST010000000000004","Alabama",2023,"M08","2023 Aug",63509,-838,-1.3,1,-838,-1.3
"LAUST010000000000004","Alabama",2023,"M09","2023 Sep",61808,5603,10,1,5603,10
"LAUST010000000000004","Alabama",2023,"M10","2023 Oct",61047,5974,10.8,1,5974,10.8
"LAUST010000000000004","Alabama",2023,"M11","2023 Nov",59185,8954,17.8,1,8954,17.8
"LAUST010000000000004","Alabama",2023,"M12","2023 Dec",60317,13888,29.9,1,13888,29.9
"LAUST010000000000004","Alabama",2024,"M01","2024 Jan",73766,14633,24.7,1,14633,24.7
"LAUST010000000000004","Alabama",2024,"M02","2024 Feb",75456,17538,30.3,1,17538,30.3
"LAUST010000000000004","Alabama",2024,"M03","2024 Mar",66881,15825,31,1,15825,31
"LAUST010000000000004","Alabama",2024,"M04","2024 Apr",55897,14264,34.3,1,14264,34.3
"LAUST010000000000004","Alabama",2024,"M05","2024 May",56228,8612,18.1,1,8612,18.1
"LAUST010000000000004","Alabama",2024,"M06","2024 Jun",74684,12530,20.2,1,12530,20.2
"LAUST010000000000004","Alabama",2024,"M07","2024 Jul",79241,18771,31,1,18771,31
"LAUST010000000000004","Alabama",2024,"M08","2024 Aug",79538,16029,25.2,1,16029,25.2
"LAUST010000000000004","Alabama",2024,"M09","2024 Sep",71955,10147,16.4,1,10147,16.4
"LAUST010000000000004","Alabama",2024,"M10","2024 Oct",71364,10317,16.9,1,10317,16.9
"LAUST010000000000004","Alabama",2024,"M11","2024 Nov",71451,12266,20.7,1,12266,20.7
"LAUST010000000000004","Alabama",2024,"M12","2024 Dec",66780,6463,10.7,1,6463,10.7
"LAUST010000000000004","Alabama",2025,"M01","2025 Jan",78696,4930,6.7,1,4930,6.7
"LAUST010000000000004","Alabama",2025,"M02","2025 Feb",77081,1625,2.2,1,1625,2.2
"LAUST010000000000004","Alabama",2025,"M03","2025 Mar",71441,4560,6.8,1,4560,6.8
"LAUST010000000000004","Alabama",2025,"M04","2025 Apr",58012,2115,3.8,1,2115,3.8
"LAUST010000000000004","Alabama",2025,"M05","2025 May",59355,3127,5.6,1,3127,5.6
"LAUST010000000000004","Alabama",2025,"M06","2025 Jun",72181,-2503,-3.4,1,-2503,-3.4
"LAUST010000000000004","Alabama",2025,"M07","2025 Jul",72441,-6800,-8.6,1,-6800,-8.6
"LAUST010000000000004","Alabama",2025,"M08","2025 Aug",70993,-8545,-10.7,1,-8545,-10.7
"LAUST010000000000004","Alabama",2025,"M09","2025 Sep",71133,-822,-1.1,1,-822,-1.1
"LAUST010000000000004","Alabama",2025,"M10","2025 Oct",NA,NA,NA,1,NA,NA
"LAUST010000000000004","Alabama",2025,"M11","2025 Nov",60497,-10954,-15.3,1,-10954,-15.3
"LAUST010000000000004","Alabama",2025,"M12","2025 Dec",54746,-12034,-18,1,-12034,-18
"LAUST020000000000004","Alaska",2023,"M01","2023 Jan",17325,-4710,-21.4,2,-4710,-21.4
"LAUST020000000000004","Alaska",2023,"M02","2023 Feb",17893,-2913,-14,2,-2913,-14
"LAUST020000000000004","Alaska",2023,"M03","2023 Mar",16406,-2024,-11,2,-2024,-11
"LAUST020000000000004","Alaska",2023,"M04","2023 Apr",14794,-1824,-11,2,-1824,-11
"LAUST020000000000004","Alaska",2023,"M05","2023 May",14533,-569,-3.8,2,-569,-3.8
"LAUST020000000000004","Alaska",2023,"M06","2023 Jun",15875,28,0.2,2,28,0.2
"LAUST020000000000004","Alaska",2023,"M07","2023 Jul",13154,278,2.2,2,278,2.2
"LAUST020000000000004","Alaska",2023,"M08","2023 Aug",12506,1717,15.9,2,1717,15.9
"LAUST020000000000004","Alaska",2023,"M09","2023 Sep",13521,2210,19.5,2,2210,19.5
"LAUST020000000000004","Alaska",2023,"M10","2023 Oct",14405,1603,12.5,2,1603,12.5
"LAUST020000000000004","Alaska",2023,"M11","2023 Nov",15930,1105,7.5,2,1105,7.5
"LAUST020000000000004","Alaska",2023,"M12","2023 Dec",16601,1895,12.9,2,1895,12.9
"LAUST020000000000004","Alaska",2024,"M01","2024 Jan",18507,1182,6.8,2,1182,6.8
"LAUST020000000000004","Alaska",2024,"M02","2024 Feb",19553,1660,9.3,2,1660,9.3
"LAUST020000000000004","Alaska",2024,"M03","2024 Mar",17718,1312,8,2,1312,8
"LAUST020000000000004","Alaska",2024,"M04","2024 Apr",16302,1508,10.2,2,1508,10.2
"LAUST020000000000004","Alaska",2024,"M05","2024 May",15364,831,5.7,2,831,5.7
"LAUST020000000000004","Alaska",2024,"M06","2024 Jun",17283,1408,8.9,2,1408,8.9
"LAUST020000000000004","Alaska",2024,"M07","2024 Jul",15267,2113,16.1,2,2113,16.1
"LAUST020000000000004","Alaska",2024,"M08","2024 Aug",13723,1217,9.7,2,1217,9.7
"LAUST020000000000004","Alaska",2024,"M09","2024 Sep",13675,154,1.1,2,154,1.1
"LAUST020000000000004","Alaska",2024,"M10","2024 Oct",15020,615,4.3,2,615,4.3
"LAUST020000000000004","Alaska",2024,"M11","2024 Nov",17196,1266,7.9,2,1266,7.9
"LAUST020000000000004","Alaska",2024,"M12","2024 Dec",16736,135,0.8,2,135,0.8
"LAUST020000000000004","Alaska",2025,"M01","2025 Jan",19190,683,3.7,2,683,3.7
"LAUST020000000000004","Alaska",2025,"M02","2025 Feb",19482,-71,-0.4,2,-71,-0.4
"LAUST020000000000004","Alaska",2025,"M03","2025 Mar",18273,555,3.1,2,555,3.1
"LAUST020000000000004","Alaska",2025,"M04","2025 Apr",17118,816,5,2,816,5
"LAUST020000000000004","Alaska",2025,"M05","2025 May",16212,848,5.5,2,848,5.5
"LAUST020000000000004","Alaska",2025,"M06","2025 Jun",17501,218,1.3,2,218,1.3
"LAUST020000000000004","Alaska",2025,"M07","2025 Jul",15224,-43,-0.3,2,-43,-0.3
"LAUST020000000000004","Alaska",2025,"M08","2025 Aug",13723,0,0,2,0,0
"LAUST020000000000004","Alaska",2025,"M09","2025 Sep",15014,1339,9.8,2,1339,9.8
"LAUST020000000000004","Alaska",2025,"M10","2025 Oct",NA,NA,NA,2,NA,NA
"LAUST020000000000004","Alaska",2025,"M11","2025 Nov",19009,1813,10.5,2,1813,10.5
"LAUST020000000000004","Alaska",2025,"M12","2025 Dec",18518,1782,10.6,2,1782,10.6
"LAUST040000000000004","Arizona",2023,"M01","2023 Jan",128112,-6179,-4.6,4,-6179,-4.6
"LAUST040000000000004","Arizona",2023,"M02","2023 Feb",127552,84,0.1,4,84,0.1
"LAUST040000000000004","Arizona",2023,"M03","2023 Mar",124713,7790,6.7,4,7790,6.7
"LAUST040000000000004","Arizona",2023,"M04","2023 Apr",118781,-3200,-2.6,4,-3200,-2.6
"LAUST040000000000004","Arizona",2023,"M05","2023 May",135716,4526,3.4,4,4526,3.4
"LAUST040000000000004","Arizona",2023,"M06","2023 Jun",150488,-2598,-1.7,4,-2598,-1.7
"LAUST040000000000004","Arizona",2023,"M07","2023 Jul",154257,2165,1.4,4,2165,1.4
"LAUST040000000000004","Arizona",2023,"M08","2023 Aug",156122,-322,-0.2,4,-322,-0.2
"LAUST040000000000004","Arizona",2023,"M09","2023 Sep",147408,4961,3.5,4,4961,3.5
"LAUST040000000000004","Arizona",2023,"M10","2023 Oct",143229,3603,2.6,4,3603,2.6
"LAUST040000000000004","Arizona",2023,"M11","2023 Nov",127744,-536,-0.4,4,-536,-0.4
"LAUST040000000000004","Arizona",2023,"M12","2023 Dec",120548,2989,2.5,4,2989,2.5
"LAUST040000000000004","Arizona",2024,"M01","2024 Jan",126107,-2005,-1.6,4,-2005,-1.6
"LAUST040000000000004","Arizona",2024,"M02","2024 Feb",123784,-3768,-3,4,-3768,-3
"LAUST040000000000004","Arizona",2024,"M03","2024 Mar",114272,-10441,-8.4,4,-10441,-8.4
"LAUST040000000000004","Arizona",2024,"M04","2024 Apr",108271,-10510,-8.8,4,-10510,-8.8
"LAUST040000000000004","Arizona",2024,"M05","2024 May",126899,-8817,-6.5,4,-8817,-6.5
"LAUST040000000000004","Arizona",2024,"M06","2024 Jun",151442,954,0.6,4,954,0.6
"LAUST040000000000004","Arizona",2024,"M07","2024 Jul",166531,12274,8,4,12274,8
"LAUST040000000000004","Arizona",2024,"M08","2024 Aug",160421,4299,2.8,4,4299,2.8
"LAUST040000000000004","Arizona",2024,"M09","2024 Sep",149795,2387,1.6,4,2387,1.6
"LAUST040000000000004","Arizona",2024,"M10","2024 Oct",150144,6915,4.8,4,6915,4.8
"LAUST040000000000004","Arizona",2024,"M11","2024 Nov",147883,20139,15.8,4,20139,15.8
"LAUST040000000000004","Arizona",2024,"M12","2024 Dec",138953,18405,15.3,4,18405,15.3
"LAUST040000000000004","Arizona",2025,"M01","2025 Jan",153063,26956,21.4,4,26956,21.4
"LAUST040000000000004","Arizona",2025,"M02","2025 Feb",152232,28448,23,4,28448,23
"LAUST040000000000004","Arizona",2025,"M03","2025 Mar",148284,34012,29.8,4,34012,29.8
"LAUST040000000000004","Arizona",2025,"M04","2025 Apr",144479,36208,33.4,4,36208,33.4
"LAUST040000000000004","Arizona",2025,"M05","2025 May",158488,31589,24.9,4,31589,24.9
"LAUST040000000000004","Arizona",2025,"M06","2025 Jun",173782,22340,14.8,4,22340,14.8
"LAUST040000000000004","Arizona",2025,"M07","2025 Jul",183749,17218,10.3,4,17218,10.3
"LAUST040000000000004","Arizona",2025,"M08","2025 Aug",186997,26576,16.6,4,26576,16.6
"LAUST040000000000004","Arizona",2025,"M09","2025 Sep",181915,32120,21.4,4,32120,21.4
"LAUST040000000000004","Arizona",2025,"M10","2025 Oct",NA,NA,NA,4,NA,NA
"LAUST040000000000004","Arizona",2025,"M11","2025 Nov",163552,15669,10.6,4,15669,10.6
"LAUST040000000000004","Arizona",2025,"M12","2025 Dec",150918,11965,8.6,4,11965,8.6
"LAUST050000000000004","Arkansas",2023,"M01","2023 Jan",45714,-4638,-9.2,5,-4638,-9.2
"LAUST050000000000004","Arkansas",2023,"M02","2023 Feb",44395,-4971,-10.1,5,-4971,-10.1
"LAUST050000000000004","Arkansas",2023,"M03","2023 Mar",39767,-2955,-6.9,5,-2955,-6.9
"LAUST050000000000004","Arkansas",2023,"M04","2023 Apr",34614,-4595,-11.7,5,-4595,-11.7
"LAUST050000000000004","Arkansas",2023,"M05","2023 May",39389,-1911,-4.6,5,-1911,-4.6
"LAUST050000000000004","Arkansas",2023,"M06","2023 Jun",47865,-2631,-5.2,5,-2631,-5.2
"LAUST050000000000004","Arkansas",2023,"M07","2023 Jul",50262,-1317,-2.6,5,-1317,-2.6
"LAUST050000000000004","Arkansas",2023,"M08","2023 Aug",49071,2737,5.9,5,2737,5.9
"LAUST050000000000004","Arkansas",2023,"M09","2023 Sep",45707,4299,10.4,5,4299,10.4
"LAUST050000000000004","Arkansas",2023,"M10","2023 Oct",41185,5418,15.1,5,5418,15.1
"LAUST050000000000004","Arkansas",2023,"M11","2023 Nov",41518,5451,15.1,5,5451,15.1
"LAUST050000000000004","Arkansas",2023,"M12","2023 Dec",45030,8489,23.2,5,8489,23.2
"LAUST050000000000004","Arkansas",2024,"M01","2024 Jan",52473,6759,14.8,5,6759,14.8
"LAUST050000000000004","Arkansas",2024,"M02","2024 Feb",52907,8512,19.2,5,8512,19.2
"LAUST050000000000004","Arkansas",2024,"M03","2024 Mar",47539,7772,19.5,5,7772,19.5
"LAUST050000000000004","Arkansas",2024,"M04","2024 Apr",42542,7928,22.9,5,7928,22.9
"LAUST050000000000004","Arkansas",2024,"M05","2024 May",45618,6229,15.8,5,6229,15.8
"LAUST050000000000004","Arkansas",2024,"M06","2024 Jun",54465,6600,13.8,5,6600,13.8
"LAUST050000000000004","Arkansas",2024,"M07","2024 Jul",58150,7888,15.7,5,7888,15.7
"LAUST050000000000004","Arkansas",2024,"M08","2024 Aug",51598,2527,5.1,5,2527,5.1
"LAUST050000000000004","Arkansas",2024,"M09","2024 Sep",46239,532,1.2,5,532,1.2
"LAUST050000000000004","Arkansas",2024,"M10","2024 Oct",44848,3663,8.9,5,3663,8.9
"LAUST050000000000004","Arkansas",2024,"M11","2024 Nov",47533,6015,14.5,5,6015,14.5
"LAUST050000000000004","Arkansas",2024,"M12","2024 Dec",49511,4481,10,5,4481,10
"LAUST050000000000004","Arkansas",2025,"M01","2025 Jan",58652,6179,11.8,5,6179,11.8
"LAUST050000000000004","Arkansas",2025,"M02","2025 Feb",60960,8053,15.2,5,8053,15.2
"LAUST050000000000004","Arkansas",2025,"M03","2025 Mar",54758,7219,15.2,5,7219,15.2
"LAUST050000000000004","Arkansas",2025,"M04","2025 Apr",50259,7717,18.1,5,7717,18.1
"LAUST050000000000004","Arkansas",2025,"M05","2025 May",54376,8758,19.2,5,8758,19.2
"LAUST050000000000004","Arkansas",2025,"M06","2025 Jun",62009,7544,13.9,5,7544,13.9
"LAUST050000000000004","Arkansas",2025,"M07","2025 Jul",65966,7816,13.4,5,7816,13.4
"LAUST050000000000004","Arkansas",2025,"M08","2025 Aug",61956,10358,20.1,5,10358,20.1
"LAUST050000000000004","Arkansas",2025,"M09","2025 Sep",60600,14361,31.1,5,14361,31.1
"LAUST050000000000004","Arkansas",2025,"M10","2025 Oct",NA,NA,NA,5,NA,NA
"LAUST050000000000004","Arkansas",2025,"M11","2025 Nov",60485,12952,27.2,5,12952,27.2
"LAUST050000000000004","Arkansas",2025,"M12","2025 Dec",60256,10745,21.7,5,10745,21.7
"LAUST060000000000004","California",2023,"M01","2023 Jan",907120,-170488,-15.8,6,-170488,-15.8
"LAUST060000000000004","California",2023,"M02","2023 Feb",931719,-41687,-4.3,6,-41687,-4.3
"LAUST060000000000004","California",2023,"M03","2023 Mar",909306,33051,3.8,6,33051,3.8
"LAUST060000000000004","California",2023,"M04","2023 Apr",800959,25414,3.3,6,25414,3.3
"LAUST060000000000004","California",2023,"M05","2023 May",827335,117929,16.6,6,117929,16.6
"LAUST060000000000004","California",2023,"M06","2023 Jun",925683,111893,13.7,6,111893,13.7
"LAUST060000000000004","California",2023,"M07","2023 Jul",939797,140404,17.6,6,140404,17.6
"LAUST060000000000004","California",2023,"M08","2023 Aug",1003719,196953,24.4,6,196953,24.4
"LAUST060000000000004","California",2023,"M09","2023 Sep",944017,207819,28.2,6,207819,28.2
"LAUST060000000000004","California",2023,"M10","2023 Oct",960052,184299,23.8,6,184299,23.8
"LAUST060000000000004","California",2023,"M11","2023 Nov",944445,145866,18.3,6,145866,18.3
"LAUST060000000000004","California",2023,"M12","2023 Dec",957811,187584,24.4,6,187584,24.4
"LAUST060000000000004","California",2024,"M01","2024 Jan",1053178,146058,16.1,6,146058,16.1
"LAUST060000000000004","California",2024,"M02","2024 Feb",1061402,129683,13.9,6,129683,13.9
"LAUST060000000000004","California",2024,"M03","2024 Mar",1026004,116698,12.8,6,116698,12.8
"LAUST060000000000004","California",2024,"M04","2024 Apr",935201,134242,16.8,6,134242,16.8
"LAUST060000000000004","California",2024,"M05","2024 May",913886,86551,10.5,6,86551,10.5
"LAUST060000000000004","California",2024,"M06","2024 Jun",1070409,144726,15.6,6,144726,15.6
"LAUST060000000000004","California",2024,"M07","2024 Jul",1160538,220741,23.5,6,220741,23.5
"LAUST060000000000004","California",2024,"M08","2024 Aug",1152202,148483,14.8,6,148483,14.8
"LAUST060000000000004","California",2024,"M09","2024 Sep",1026866,82849,8.8,6,82849,8.8
"LAUST060000000000004","California",2024,"M10","2024 Oct",1043138,83086,8.7,6,83086,8.7
"LAUST060000000000004","California",2024,"M11","2024 Nov",1052586,108141,11.5,6,108141,11.5
"LAUST060000000000004","California",2024,"M12","2024 Dec",1010418,52607,5.5,6,52607,5.5
"LAUST060000000000004","California",2025,"M01","2025 Jan",1103117,49939,4.7,6,49939,4.7
"LAUST060000000000004","California",2025,"M02","2025 Feb",1104697,43295,4.1,6,43295,4.1
"LAUST060000000000004","California",2025,"M03","2025 Mar",1082519,56515,5.5,6,56515,5.5
"LAUST060000000000004","California",2025,"M04","2025 Apr",1013196,77995,8.3,6,77995,8.3
"LAUST060000000000004","California",2025,"M05","2025 May",993216,79330,8.7,6,79330,8.7
"LAUST060000000000004","California",2025,"M06","2025 Jun",1100647,30238,2.8,6,30238,2.8
"LAUST060000000000004","California",2025,"M07","2025 Jul",1163214,2676,0.2,6,2676,0.2
"LAUST060000000000004","California",2025,"M08","2025 Aug",1159300,7098,0.6,6,7098,0.6
"LAUST060000000000004","California",2025,"M09","2025 Sep",1112773,85907,8.4,6,85907,8.4
"LAUST060000000000004","California",2025,"M10","2025 Oct",NA,NA,NA,6,NA,NA
"LAUST060000000000004","California",2025,"M11","2025 Nov",1087409,34823,3.3,6,34823,3.3
"LAUST060000000000004","California",2025,"M12","2025 Dec",1017997,7579,0.8,6,7579,0.8
"LAUST080000000000004","Colorado",2023,"M01","2023 Jan",100475,-33160,-24.8,8,-33160,-24.8
"LAUST080000000000004","Colorado",2023,"M02","2023 Feb",109852,-15747,-12.5,8,-15747,-12.5
"LAUST080000000000004","Colorado",2023,"M03","2023 Mar",95470,-11529,-10.8,8,-11529,-10.8
"LAUST080000000000004","Colorado",2023,"M04","2023 Apr",85798,-5749,-6.3,8,-5749,-6.3
"LAUST080000000000004","Colorado",2023,"M05","2023 May",97477,9253,10.5,8,9253,10.5
"LAUST080000000000004","Colorado",2023,"M06","2023 Jun",116900,21847,23,8,21847,23
"LAUST080000000000004","Colorado",2023,"M07","2023 Jul",106980,12768,13.6,8,12768,13.6
"LAUST080000000000004","Colorado",2023,"M08","2023 Aug",113296,23296,25.9,8,23296,25.9
"LAUST080000000000004","Colorado",2023,"M09","2023 Sep",106782,21820,25.7,8,21820,25.7
"LAUST080000000000004","Colorado",2023,"M10","2023 Oct",109143,19637,21.9,8,19637,21.9
"LAUST080000000000004","Colorado",2023,"M11","2023 Nov",112165,21302,23.4,8,21302,23.4
"LAUST080000000000004","Colorado",2023,"M12","2023 Dec",117966,32212,37.6,8,32212,37.6
"LAUST080000000000004","Colorado",2024,"M01","2024 Jan",131608,31133,31,8,31133,31
"LAUST080000000000004","Colorado",2024,"M02","2024 Feb",135430,25578,23.3,8,25578,23.3
"LAUST080000000000004","Colorado",2024,"M03","2024 Mar",120710,25240,26.4,8,25240,26.4
"LAUST080000000000004","Colorado",2024,"M04","2024 Apr",119463,33665,39.2,8,33665,39.2
"LAUST080000000000004","Colorado",2024,"M05","2024 May",125721,28244,29,8,28244,29
"LAUST080000000000004","Colorado",2024,"M06","2024 Jun",140863,23963,20.5,8,23963,20.5
"LAUST080000000000004","Colorado",2024,"M07","2024 Jul",145679,38699,36.2,8,38699,36.2
"LAUST080000000000004","Colorado",2024,"M08","2024 Aug",146268,32972,29.1,8,32972,29.1
"LAUST080000000000004","Colorado",2024,"M09","2024 Sep",136387,29605,27.7,8,29605,27.7
"LAUST080000000000004","Colorado",2024,"M10","2024 Oct",138357,29214,26.8,8,29214,26.8
"LAUST080000000000004","Colorado",2024,"M11","2024 Nov",143903,31738,28.3,8,31738,28.3
"LAUST080000000000004","Colorado",2024,"M12","2024 Dec",135732,17766,15.1,8,17766,15.1
"LAUST080000000000004","Colorado",2025,"M01","2025 Jan",145318,13710,10.4,8,13710,10.4
"LAUST080000000000004","Colorado",2025,"M02","2025 Feb",149280,13850,10.2,8,13850,10.2
"LAUST080000000000004","Colorado",2025,"M03","2025 Mar",135998,15288,12.7,8,15288,12.7
"LAUST080000000000004","Colorado",2025,"M04","2025 Apr",127772,8309,7,8,8309,7
"LAUST080000000000004","Colorado",2025,"M05","2025 May",129079,3358,2.7,8,3358,2.7
"LAUST080000000000004","Colorado",2025,"M06","2025 Jun",132124,-8739,-6.2,8,-8739,-6.2
"LAUST080000000000004","Colorado",2025,"M07","2025 Jul",132979,-12700,-8.7,8,-12700,-8.7
"LAUST080000000000004","Colorado",2025,"M08","2025 Aug",126548,-19720,-13.5,8,-19720,-13.5
"LAUST080000000000004","Colorado",2025,"M09","2025 Sep",125539,-10848,-8,8,-10848,-8
"LAUST080000000000004","Colorado",2025,"M10","2025 Oct",NA,NA,NA,8,NA,NA
"LAUST080000000000004","Colorado",2025,"M11","2025 Nov",124890,-19013,-13.2,8,-19013,-13.2
"LAUST080000000000004","Colorado",2025,"M12","2025 Dec",116353,-19379,-14.3,8,-19379,-14.3
"LAUST090000000000004","Connecticut",2023,"M01","2023 Jan",72798,-32565,-30.9,9,-32565,-30.9
"LAUST090000000000004","Connecticut",2023,"M02","2023 Feb",74855,-26062,-25.8,9,-26062,-25.8
"LAUST090000000000004","Connecticut",2023,"M03","2023 Mar",64697,-22775,-26,9,-22775,-26
"LAUST090000000000004","Connecticut",2023,"M04","2023 Apr",49415,-25554,-34.1,9,-25554,-34.1
"LAUST090000000000004","Connecticut",2023,"M05","2023 May",60115,-20685,-25.6,9,-20685,-25.6
"LAUST090000000000004","Connecticut",2023,"M06","2023 Jun",58199,-19750,-25.3,9,-19750,-25.3
"LAUST090000000000004","Connecticut",2023,"M07","2023 Jul",65951,-16884,-20.4,9,-16884,-20.4
"LAUST090000000000004","Connecticut",2023,"M08","2023 Aug",62491,-12552,-16.7,9,-12552,-16.7
"LAUST090000000000004","Connecticut",2023,"M09","2023 Sep",56373,-8256,-12.8,9,-8256,-12.8
"LAUST090000000000004","Connecticut",2023,"M10","2023 Oct",58731,-7102,-10.8,9,-7102,-10.8
"LAUST090000000000004","Connecticut",2023,"M11","2023 Nov",56450,-3984,-6.6,9,-3984,-6.6
"LAUST090000000000004","Connecticut",2023,"M12","2023 Dec",53745,-483,-0.9,9,-483,-0.9
"LAUST090000000000004","Connecticut",2024,"M01","2024 Jan",71701,-1097,-1.5,9,-1097,-1.5
"LAUST090000000000004","Connecticut",2024,"M02","2024 Feb",73953,-902,-1.2,9,-902,-1.2
"LAUST090000000000004","Connecticut",2024,"M03","2024 Mar",64108,-589,-0.9,9,-589,-0.9
"LAUST090000000000004","Connecticut",2024,"M04","2024 Apr",51652,2237,4.5,9,2237,4.5
"LAUST090000000000004","Connecticut",2024,"M05","2024 May",61022,907,1.5,9,907,1.5
"LAUST090000000000004","Connecticut",2024,"M06","2024 Jun",59100,901,1.5,9,901,1.5
"LAUST090000000000004","Connecticut",2024,"M07","2024 Jul",75100,9149,13.9,9,9149,13.9
"LAUST090000000000004","Connecticut",2024,"M08","2024 Aug",68694,6203,9.9,9,6203,9.9
"LAUST090000000000004","Connecticut",2024,"M09","2024 Sep",59041,2668,4.7,9,2668,4.7
"LAUST090000000000004","Connecticut",2024,"M10","2024 Oct",61450,2719,4.6,9,2719,4.6
"LAUST090000000000004","Connecticut",2024,"M11","2024 Nov",62648,6198,11,9,6198,11
"LAUST090000000000004","Connecticut",2024,"M12","2024 Dec",58258,4513,8.4,9,4513,8.4
"LAUST090000000000004","Connecticut",2025,"M01","2025 Jan",79600,7899,11,9,7899,11
"LAUST090000000000004","Connecticut",2025,"M02","2025 Feb",83348,9395,12.7,9,9395,12.7
"LAUST090000000000004","Connecticut",2025,"M03","2025 Mar",75980,11872,18.5,9,11872,18.5
"LAUST090000000000004","Connecticut",2025,"M04","2025 Apr",63887,12235,23.7,9,12235,23.7
"LAUST090000000000004","Connecticut",2025,"M05","2025 May",74539,13517,22.2,9,13517,22.2
"LAUST090000000000004","Connecticut",2025,"M06","2025 Jun",71064,11964,20.2,9,11964,20.2
"LAUST090000000000004","Connecticut",2025,"M07","2025 Jul",85330,10230,13.6,9,10230,13.6
"LAUST090000000000004","Connecticut",2025,"M08","2025 Aug",79999,11305,16.5,9,11305,16.5
"LAUST090000000000004","Connecticut",2025,"M09","2025 Sep",76476,17435,29.5,9,17435,29.5
"LAUST090000000000004","Connecticut",2025,"M10","2025 Oct",NA,NA,NA,9,NA,NA
"LAUST090000000000004","Connecticut",2025,"M11","2025 Nov",86073,23425,37.4,9,23425,37.4
"LAUST090000000000004","Connecticut",2025,"M12","2025 Dec",79565,21307,36.6,9,21307,36.6
"LAUST100000000000004","Delaware",2023,"M01","2023 Jan",21616,-3672,-14.5,10,-3672,-14.5
"LAUST100000000000004","Delaware",2023,"M02","2023 Feb",21486,-2013,-8.6,10,-2013,-8.6
"LAUST100000000000004","Delaware",2023,"M03","2023 Mar",20606,-1688,-7.6,10,-1688,-7.6
"LAUST100000000000004","Delaware",2023,"M04","2023 Apr",18110,-2364,-11.5,10,-2364,-11.5
"LAUST100000000000004","Delaware",2023,"M05","2023 May",18330,-1103,-5.7,10,-1103,-5.7
"LAUST100000000000004","Delaware",2023,"M06","2023 Jun",21237,-1629,-7.1,10,-1629,-7.1
"LAUST100000000000004","Delaware",2023,"M07","2023 Jul",20560,-1211,-5.6,10,-1211,-5.6
"LAUST100000000000004","Delaware",2023,"M08","2023 Aug",22324,-277,-1.2,10,-277,-1.2
"LAUST100000000000004","Delaware",2023,"M09","2023 Sep",19365,220,1.1,10,220,1.1
"LAUST100000000000004","Delaware",2023,"M10","2023 Oct",19860,-460,-2.3,10,-460,-2.3
"LAUST100000000000004","Delaware",2023,"M11","2023 Nov",17723,-1223,-6.5,10,-1223,-6.5
"LAUST100000000000004","Delaware",2023,"M12","2023 Dec",17758,-382,-2.1,10,-382,-2.1
"LAUST100000000000004","Delaware",2024,"M01","2024 Jan",20892,-724,-3.3,10,-724,-3.3
"LAUST100000000000004","Delaware",2024,"M02","2024 Feb",20908,-578,-2.7,10,-578,-2.7
"LAUST100000000000004","Delaware",2024,"M03","2024 Mar",20310,-296,-1.4,10,-296,-1.4
"LAUST100000000000004","Delaware",2024,"M04","2024 Apr",18507,397,2.2,10,397,2.2
"LAUST100000000000004","Delaware",2024,"M05","2024 May",18223,-107,-0.6,10,-107,-0.6
"LAUST100000000000004","Delaware",2024,"M06","2024 Jun",21992,755,3.6,10,755,3.6
"LAUST100000000000004","Delaware",2024,"M07","2024 Jul",22668,2108,10.3,10,2108,10.3
"LAUST100000000000004","Delaware",2024,"M08","2024 Aug",22509,185,0.8,10,185,0.8
"LAUST100000000000004","Delaware",2024,"M09","2024 Sep",18467,-898,-4.6,10,-898,-4.6
"LAUST100000000000004","Delaware",2024,"M10","2024 Oct",18946,-914,-4.6,10,-914,-4.6
"LAUST100000000000004","Delaware",2024,"M11","2024 Nov",18307,584,3.3,10,584,3.3
"LAUST100000000000004","Delaware",2024,"M12","2024 Dec",18420,662,3.7,10,662,3.7
"LAUST100000000000004","Delaware",2025,"M01","2025 Jan",22779,1887,9,10,1887,9
"LAUST100000000000004","Delaware",2025,"M02","2025 Feb",23358,2450,11.7,10,2450,11.7
"LAUST100000000000004","Delaware",2025,"M03","2025 Mar",23154,2844,14,10,2844,14
"LAUST100000000000004","Delaware",2025,"M04","2025 Apr",21939,3432,18.5,10,3432,18.5
"LAUST100000000000004","Delaware",2025,"M05","2025 May",21724,3501,19.2,10,3501,19.2
"LAUST100000000000004","Delaware",2025,"M06","2025 Jun",25110,3118,14.2,10,3118,14.2
"LAUST100000000000004","Delaware",2025,"M07","2025 Jul",26475,3807,16.8,10,3807,16.8
"LAUST100000000000004","Delaware",2025,"M08","2025 Aug",27840,5331,23.7,10,5331,23.7
"LAUST100000000000004","Delaware",2025,"M09","2025 Sep",25901,7434,40.3,10,7434,40.3
"LAUST100000000000004","Delaware",2025,"M10","2025 Oct",NA,NA,NA,10,NA,NA
"LAUST100000000000004","Delaware",2025,"M11","2025 Nov",28138,9831,53.7,10,9831,53.7
"LAUST100000000000004","Delaware",2025,"M12","2025 Dec",26853,8433,45.8,10,8433,45.8
"LAUST120000000000004","Florida",2023,"M01","2023 Jan",309864,-85167,-21.6,12,-85167,-21.6
"LAUST120000000000004","Florida",2023,"M02","2023 Feb",297668,-49457,-14.2,12,-49457,-14.2
"LAUST120000000000004","Florida",2023,"M03","2023 Mar",293327,-27382,-8.5,12,-27382,-8.5
"LAUST120000000000004","Florida",2023,"M04","2023 Apr",266671,-29823,-10.1,12,-29823,-10.1
"LAUST120000000000004","Florida",2023,"M05","2023 May",301055,1642,0.5,12,1642,0.5
"LAUST120000000000004","Florida",2023,"M06","2023 Jun",342548,-1139,-0.3,12,-1139,-0.3
"LAUST120000000000004","Florida",2023,"M07","2023 Jul",344699,10842,3.2,12,10842,3.2
"LAUST120000000000004","Florida",2023,"M08","2023 Aug",370991,30832,9.1,12,30832,9.1
"LAUST120000000000004","Florida",2023,"M09","2023 Sep",352532,39673,12.7,12,39673,12.7
"LAUST120000000000004","Florida",2023,"M10","2023 Oct",352759,32271,10.1,12,32271,10.1
"LAUST120000000000004","Florida",2023,"M11","2023 Nov",338468,28380,9.2,12,28380,9.2
"LAUST120000000000004","Florida",2023,"M12","2023 Dec",319237,48481,17.9,12,48481,17.9
"LAUST120000000000004","Florida",2024,"M01","2024 Jan",351854,41990,13.6,12,41990,13.6
"LAUST120000000000004","Florida",2024,"M02","2024 Feb",343068,45400,15.3,12,45400,15.3
"LAUST120000000000004","Florida",2024,"M03","2024 Mar",339741,46414,15.8,12,46414,15.8
"LAUST120000000000004","Florida",2024,"M04","2024 Apr",320715,54044,20.3,12,54044,20.3
"LAUST120000000000004","Florida",2024,"M05","2024 May",340274,39219,13,12,39219,13
"LAUST120000000000004","Florida",2024,"M06","2024 Jun",397738,55190,16.1,12,55190,16.1
"LAUST120000000000004","Florida",2024,"M07","2024 Jul",423708,79009,22.9,12,79009,22.9
"LAUST120000000000004","Florida",2024,"M08","2024 Aug",425527,54536,14.7,12,54536,14.7
"LAUST120000000000004","Florida",2024,"M09","2024 Sep",389725,37193,10.6,12,37193,10.6
"LAUST120000000000004","Florida",2024,"M10","2024 Oct",390683,37924,10.8,12,37924,10.8
"LAUST120000000000004","Florida",2024,"M11","2024 Nov",394255,55787,16.5,12,55787,16.5
"LAUST120000000000004","Florida",2024,"M12","2024 Dec",354651,35414,11.1,12,35414,11.1
"LAUST120000000000004","Florida",2025,"M01","2025 Jan",397203,45349,12.9,12,45349,12.9
"LAUST120000000000004","Florida",2025,"M02","2025 Feb",386580,43512,12.7,12,43512,12.7
"LAUST120000000000004","Florida",2025,"M03","2025 Mar",384071,44330,13,12,44330,13
"LAUST120000000000004","Florida",2025,"M04","2025 Apr",373117,52402,16.3,12,52402,16.3
"LAUST120000000000004","Florida",2025,"M05","2025 May",392435,52161,15.3,12,52161,15.3
"LAUST120000000000004","Florida",2025,"M06","2025 Jun",435289,37551,9.4,12,37551,9.4
"LAUST120000000000004","Florida",2025,"M07","2025 Jul",459908,36200,8.5,12,36200,8.5
"LAUST120000000000004","Florida",2025,"M08","2025 Aug",475708,50181,11.8,12,50181,11.8
"LAUST120000000000004","Florida",2025,"M09","2025 Sep",470921,81196,20.8,12,81196,20.8
"LAUST120000000000004","Florida",2025,"M10","2025 Oct",NA,NA,NA,12,NA,NA
"LAUST120000000000004","Florida",2025,"M11","2025 Nov",537702,143447,36.4,12,143447,36.4
"LAUST120000000000004","Florida",2025,"M12","2025 Dec",489837,135186,38.1,12,135186,38.1
"LAUST130000000000004","Georgia",2023,"M01","2023 Jan",178608,453,0.3,13,453,0.3
"LAUST130000000000004","Georgia",2023,"M02","2023 Feb",179487,9939,5.9,13,9939,5.9
"LAUST130000000000004","Georgia",2023,"M03","2023 Mar",175110,14137,8.8,13,14137,8.8
"LAUST130000000000004","Georgia",2023,"M04","2023 Apr",144629,8951,6.6,13,8951,6.6
"LAUST130000000000004","Georgia",2023,"M05","2023 May",174441,19070,12.3,13,19070,12.3
"LAUST130000000000004","Georgia",2023,"M06","2023 Jun",189706,6778,3.7,13,6778,3.7
"LAUST130000000000004","Georgia",2023,"M07","2023 Jul",176642,6788,4,13,6788,4
"LAUST130000000000004","Georgia",2023,"M08","2023 Aug",196611,11115,6,13,11115,6
"LAUST130000000000004","Georgia",2023,"M09","2023 Sep",173615,15250,9.6,13,15250,9.6
"LAUST130000000000004","Georgia",2023,"M10","2023 Oct",179006,6697,3.9,13,6697,3.9
"LAUST130000000000004","Georgia",2023,"M11","2023 Nov",163112,294,0.2,13,294,0.2
"LAUST130000000000004","Georgia",2023,"M12","2023 Dec",160627,4315,2.8,13,4315,2.8
"LAUST130000000000004","Georgia",2024,"M01","2024 Jan",176536,-2072,-1.2,13,-2072,-1.2
"LAUST130000000000004","Georgia",2024,"M02","2024 Feb",180196,709,0.4,13,709,0.4
"LAUST130000000000004","Georgia",2024,"M03","2024 Mar",180070,4960,2.8,13,4960,2.8
"LAUST130000000000004","Georgia",2024,"M04","2024 Apr",157953,13324,9.2,13,13324,9.2
"LAUST130000000000004","Georgia",2024,"M05","2024 May",181632,7191,4.1,13,7191,4.1
"LAUST130000000000004","Georgia",2024,"M06","2024 Jun",209869,20163,10.6,13,20163,10.6
"LAUST130000000000004","Georgia",2024,"M07","2024 Jul",208159,31517,17.8,13,31517,17.8
"LAUST130000000000004","Georgia",2024,"M08","2024 Aug",210786,14175,7.2,13,14175,7.2
"LAUST130000000000004","Georgia",2024,"M09","2024 Sep",179936,6321,3.6,13,6321,3.6
"LAUST130000000000004","Georgia",2024,"M10","2024 Oct",186785,7779,4.3,13,7779,4.3
"LAUST130000000000004","Georgia",2024,"M11","2024 Nov",181366,18254,11.2,13,18254,11.2
"LAUST130000000000004","Georgia",2024,"M12","2024 Dec",171908,11281,7,13,11281,7
"LAUST130000000000004","Georgia",2025,"M01","2025 Jan",186209,9673,5.5,13,9673,5.5
"LAUST130000000000004","Georgia",2025,"M02","2025 Feb",188044,7848,4.4,13,7848,4.4
"LAUST130000000000004","Georgia",2025,"M03","2025 Mar",182382,2312,1.3,13,2312,1.3
"LAUST130000000000004","Georgia",2025,"M04","2025 Apr",158172,219,0.1,13,219,0.1
"LAUST130000000000004","Georgia",2025,"M05","2025 May",176513,-5119,-2.8,13,-5119,-2.8
"LAUST130000000000004","Georgia",2025,"M06","2025 Jun",195379,-14490,-6.9,13,-14490,-6.9
"LAUST130000000000004","Georgia",2025,"M07","2025 Jul",192882,-15277,-7.3,13,-15277,-7.3
"LAUST130000000000004","Georgia",2025,"M08","2025 Aug",196198,-14588,-6.9,13,-14588,-6.9
"LAUST130000000000004","Georgia",2025,"M09","2025 Sep",184232,4296,2.4,13,4296,2.4
"LAUST130000000000004","Georgia",2025,"M10","2025 Oct",NA,NA,NA,13,NA,NA
"LAUST130000000000004","Georgia",2025,"M11","2025 Nov",196659,15293,8.4,13,15293,8.4
"LAUST130000000000004","Georgia",2025,"M12","2025 Dec",180250,8342,4.9,13,8342,4.9
"LAUST150000000000004","Hawaii",2023,"M01","2023 Jan",20132,-940,-4.5,15,-940,-4.5
"LAUST150000000000004","Hawaii",2023,"M02","2023 Feb",19907,-821,-4,15,-821,-4
"LAUST150000000000004","Hawaii",2023,"M03","2023 Mar",18566,-1274,-6.4,15,-1274,-6.4
"LAUST150000000000004","Hawaii",2023,"M04","2023 Apr",17075,-3494,-17,15,-3494,-17
"LAUST150000000000004","Hawaii",2023,"M05","2023 May",17604,-3092,-14.9,15,-3092,-14.9
"LAUST150000000000004","Hawaii",2023,"M06","2023 Jun",22495,-3792,-14.4,15,-3792,-14.4
"LAUST150000000000004","Hawaii",2023,"M07","2023 Jul",18435,-4171,-18.5,15,-4171,-18.5
"LAUST150000000000004","Hawaii",2023,"M08","2023 Aug",20191,-3392,-14.4,15,-3392,-14.4
"LAUST150000000000004","Hawaii",2023,"M09","2023 Sep",21314,-1686,-7.3,15,-1686,-7.3
"LAUST150000000000004","Hawaii",2023,"M10","2023 Oct",19950,-2709,-12,15,-2709,-12
"LAUST150000000000004","Hawaii",2023,"M11","2023 Nov",19486,-3397,-14.8,15,-3397,-14.8
"LAUST150000000000004","Hawaii",2023,"M12","2023 Dec",17888,-1610,-8.3,15,-1610,-8.3
"LAUST150000000000004","Hawaii",2024,"M01","2024 Jan",18967,-1165,-5.8,15,-1165,-5.8
"LAUST150000000000004","Hawaii",2024,"M02","2024 Feb",18670,-1237,-6.2,15,-1237,-6.2
"LAUST150000000000004","Hawaii",2024,"M03","2024 Mar",17358,-1208,-6.5,15,-1208,-6.5
"LAUST150000000000004","Hawaii",2024,"M04","2024 Apr",16955,-120,-0.7,15,-120,-0.7
"LAUST150000000000004","Hawaii",2024,"M05","2024 May",16392,-1212,-6.9,15,-1212,-6.9
"LAUST150000000000004","Hawaii",2024,"M06","2024 Jun",22646,151,0.7,15,151,0.7
"LAUST150000000000004","Hawaii",2024,"M07","2024 Jul",20376,1941,10.5,15,1941,10.5
"LAUST150000000000004","Hawaii",2024,"M08","2024 Aug",20393,202,1,15,202,1
"LAUST150000000000004","Hawaii",2024,"M09","2024 Sep",19960,-1354,-6.4,15,-1354,-6.4
"LAUST150000000000004","Hawaii",2024,"M10","2024 Oct",18744,-1206,-6,15,-1206,-6
"LAUST150000000000004","Hawaii",2024,"M11","2024 Nov",19333,-153,-0.8,15,-153,-0.8
"LAUST150000000000004","Hawaii",2024,"M12","2024 Dec",16477,-1411,-7.9,15,-1411,-7.9
"LAUST150000000000004","Hawaii",2025,"M01","2025 Jan",17305,-1662,-8.8,15,-1662,-8.8
"LAUST150000000000004","Hawaii",2025,"M02","2025 Feb",16859,-1811,-9.7,15,-1811,-9.7
"LAUST150000000000004","Hawaii",2025,"M03","2025 Mar",15576,-1782,-10.3,15,-1782,-10.3
"LAUST150000000000004","Hawaii",2025,"M04","2025 Apr",15367,-1588,-9.4,15,-1588,-9.4
"LAUST150000000000004","Hawaii",2025,"M05","2025 May",14992,-1400,-8.5,15,-1400,-8.5
"LAUST150000000000004","Hawaii",2025,"M06","2025 Jun",19287,-3359,-14.8,15,-3359,-14.8
"LAUST150000000000004","Hawaii",2025,"M07","2025 Jul",15526,-4850,-23.8,15,-4850,-23.8
"LAUST150000000000004","Hawaii",2025,"M08","2025 Aug",15162,-5231,-25.7,15,-5231,-25.7
"LAUST150000000000004","Hawaii",2025,"M09","2025 Sep",15424,-4536,-22.7,15,-4536,-22.7
"LAUST150000000000004","Hawaii",2025,"M10","2025 Oct",NA,NA,NA,15,NA,NA
"LAUST150000000000004","Hawaii",2025,"M11","2025 Nov",17586,-1747,-9,15,-1747,-9
"LAUST150000000000004","Hawaii",2025,"M12","2025 Dec",15210,-1267,-7.7,15,-1267,-7.7
"LAUST160000000000004","Idaho",2023,"M01","2023 Jan",34856,567,1.7,16,567,1.7
"LAUST160000000000004","Idaho",2023,"M02","2023 Feb",35308,2599,7.9,16,2599,7.9
"LAUST160000000000004","Idaho",2023,"M03","2023 Mar",34044,3429,11.2,16,3429,11.2
"LAUST160000000000004","Idaho",2023,"M04","2023 Apr",27793,2719,10.8,16,2719,10.8
"LAUST160000000000004","Idaho",2023,"M05","2023 May",28613,4749,19.9,16,4749,19.9
"LAUST160000000000004","Idaho",2023,"M06","2023 Jun",29511,2405,8.9,16,2405,8.9
"LAUST160000000000004","Idaho",2023,"M07","2023 Jul",30585,4050,15.3,16,4050,15.3
"LAUST160000000000004","Idaho",2023,"M08","2023 Aug",30649,3834,14.3,16,3834,14.3
"LAUST160000000000004","Idaho",2023,"M09","2023 Sep",28187,4826,20.7,16,4826,20.7
"LAUST160000000000004","Idaho",2023,"M10","2023 Oct",29202,4865,20,16,4865,20
"LAUST160000000000004","Idaho",2023,"M11","2023 Nov",30900,4265,16,16,4265,16
"LAUST160000000000004","Idaho",2023,"M12","2023 Dec",32391,5594,20.9,16,5594,20.9
"LAUST160000000000004","Idaho",2024,"M01","2024 Jan",39544,4688,13.4,16,4688,13.4
"LAUST160000000000004","Idaho",2024,"M02","2024 Feb",40963,5655,16,16,5655,16
"LAUST160000000000004","Idaho",2024,"M03","2024 Mar",40058,6014,17.7,16,6014,17.7
"LAUST160000000000004","Idaho",2024,"M04","2024 Apr",33466,5673,20.4,16,5673,20.4
"LAUST160000000000004","Idaho",2024,"M05","2024 May",32509,3896,13.6,16,3896,13.6
"LAUST160000000000004","Idaho",2024,"M06","2024 Jun",35402,5891,20,16,5891,20
"LAUST160000000000004","Idaho",2024,"M07","2024 Jul",36851,6266,20.5,16,6266,20.5
"LAUST160000000000004","Idaho",2024,"M08","2024 Aug",35078,4429,14.5,16,4429,14.5
"LAUST160000000000004","Idaho",2024,"M09","2024 Sep",30891,2704,9.6,16,2704,9.6
"LAUST160000000000004","Idaho",2024,"M10","2024 Oct",32153,2951,10.1,16,2951,10.1
"LAUST160000000000004","Idaho",2024,"M11","2024 Nov",35070,4170,13.5,16,4170,13.5
"LAUST160000000000004","Idaho",2024,"M12","2024 Dec",35817,3426,10.6,16,3426,10.6
"LAUST160000000000004","Idaho",2025,"M01","2025 Jan",42857,3313,8.4,16,3313,8.4
"LAUST160000000000004","Idaho",2025,"M02","2025 Feb",43257,2294,5.6,16,2294,5.6
"LAUST160000000000004","Idaho",2025,"M03","2025 Mar",41562,1504,3.8,16,1504,3.8
"LAUST160000000000004","Idaho",2025,"M04","2025 Apr",35409,1943,5.8,16,1943,5.8
"LAUST160000000000004","Idaho",2025,"M05","2025 May",33316,807,2.5,16,807,2.5
"LAUST160000000000004","Idaho",2025,"M06","2025 Jun",35347,-55,-0.2,16,-55,-0.2
"LAUST160000000000004","Idaho",2025,"M07","2025 Jul",36323,-528,-1.4,16,-528,-1.4
"LAUST160000000000004","Idaho",2025,"M08","2025 Aug",34943,-135,-0.4,16,-135,-0.4
"LAUST160000000000004","Idaho",2025,"M09","2025 Sep",33141,2250,7.3,16,2250,7.3
"LAUST160000000000004","Idaho",2025,"M10","2025 Oct",NA,NA,NA,16,NA,NA
"LAUST160000000000004","Idaho",2025,"M11","2025 Nov",35187,117,0.3,16,117,0.3
"LAUST160000000000004","Idaho",2025,"M12","2025 Dec",35299,-518,-1.4,16,-518,-1.4
"LAUST170000000000004","Illinois",2023,"M01","2023 Jan",299711,-37849,-11.2,17,-37849,-11.2
"LAUST170000000000004","Illinois",2023,"M02","2023 Feb",299529,-24634,-7.6,17,-24634,-7.6
"LAUST170000000000004","Illinois",2023,"M03","2023 Mar",283009,-18072,-6,17,-18072,-6
"LAUST170000000000004","Illinois",2023,"M04","2023 Apr",244150,-36320,-12.9,17,-36320,-12.9
"LAUST170000000000004","Illinois",2023,"M05","2023 May",257012,-26702,-9.4,17,-26702,-9.4
"LAUST170000000000004","Illinois",2023,"M06","2023 Jun",311732,-12009,-3.7,17,-12009,-3.7
"LAUST170000000000004","Illinois",2023,"M07","2023 Jul",307772,-6099,-1.9,17,-6099,-1.9
"LAUST170000000000004","Illinois",2023,"M08","2023 Aug",337241,17362,5.4,17,17362,5.4
"LAUST170000000000004","Illinois",2023,"M09","2023 Sep",309534,27240,9.6,17,27240,9.6
"LAUST170000000000004","Illinois",2023,"M10","2023 Oct",298729,18754,6.7,17,18754,6.7
"LAUST170000000000004","Illinois",2023,"M11","2023 Nov",279781,8789,3.2,17,8789,3.2
"LAUST170000000000004","Illinois",2023,"M12","2023 Dec",285929,27604,10.7,17,27604,10.7
"LAUST170000000000004","Illinois",2024,"M01","2024 Jan",336814,37103,12.4,17,37103,12.4
"LAUST170000000000004","Illinois",2024,"M02","2024 Feb",348792,49263,16.4,17,49263,16.4
"LAUST170000000000004","Illinois",2024,"M03","2024 Mar",329876,46867,16.6,17,46867,16.6
"LAUST170000000000004","Illinois",2024,"M04","2024 Apr",301467,57317,23.5,17,57317,23.5
"LAUST170000000000004","Illinois",2024,"M05","2024 May",317074,60062,23.4,17,60062,23.4
"LAUST170000000000004","Illinois",2024,"M06","2024 Jun",383620,71888,23.1,17,71888,23.1
"LAUST170000000000004","Illinois",2024,"M07","2024 Jul",385694,77922,25.3,17,77922,25.3
"LAUST170000000000004","Illinois",2024,"M08","2024 Aug",357442,20201,6,17,20201,6
"LAUST170000000000004","Illinois",2024,"M09","2024 Sep",316758,7224,2.3,17,7224,2.3
"LAUST170000000000004","Illinois",2024,"M10","2024 Oct",314294,15565,5.2,17,15565,5.2
"LAUST170000000000004","Illinois",2024,"M11","2024 Nov",300533,20752,7.4,17,20752,7.4
"LAUST170000000000004","Illinois",2024,"M12","2024 Dec",283123,-2806,-1,17,-2806,-1
"LAUST170000000000004","Illinois",2025,"M01","2025 Jan",328182,-8632,-2.6,17,-8632,-2.6
"LAUST170000000000004","Illinois",2025,"M02","2025 Feb",328514,-20278,-5.8,17,-20278,-5.8
"LAUST170000000000004","Illinois",2025,"M03","2025 Mar",310958,-18918,-5.7,17,-18918,-5.7
"LAUST170000000000004","Illinois",2025,"M04","2025 Apr",280166,-21301,-7.1,17,-21301,-7.1
"LAUST170000000000004","Illinois",2025,"M05","2025 May",273008,-44066,-13.9,17,-44066,-13.9
"LAUST170000000000004","Illinois",2025,"M06","2025 Jun",303919,-79701,-20.8,17,-79701,-20.8
"LAUST170000000000004","Illinois",2025,"M07","2025 Jul",314739,-70955,-18.4,17,-70955,-18.4
"LAUST170000000000004","Illinois",2025,"M08","2025 Aug",303385,-54057,-15.1,17,-54057,-15.1
"LAUST170000000000004","Illinois",2025,"M09","2025 Sep",281237,-35521,-11.2,17,-35521,-11.2
"LAUST170000000000004","Illinois",2025,"M10","2025 Oct",NA,NA,NA,17,NA,NA
"LAUST170000000000004","Illinois",2025,"M11","2025 Nov",317273,16740,5.6,17,16740,5.6
"LAUST170000000000004","Illinois",2025,"M12","2025 Dec",314732,31609,11.2,17,31609,11.2
"LAUST180000000000004","Indiana",2023,"M01","2023 Jan",122997,8512,7.4,18,8512,7.4
"LAUST180000000000004","Indiana",2023,"M02","2023 Feb",130434,12996,11.1,18,12996,11.1
"LAUST180000000000004","Indiana",2023,"M03","2023 Mar",123232,13482,12.3,18,13482,12.3
"LAUST180000000000004","Indiana",2023,"M04","2023 Apr",94851,8775,10.2,18,8775,10.2
"LAUST180000000000004","Indiana",2023,"M05","2023 May",117117,19876,20.4,18,19876,20.4
"LAUST180000000000004","Indiana",2023,"M06","2023 Jun",123604,9272,8.1,18,9272,8.1
"LAUST180000000000004","Indiana",2023,"M07","2023 Jul",127823,8185,6.8,18,8185,6.8
"LAUST180000000000004","Indiana",2023,"M08","2023 Aug",121275,13995,13,18,13995,13
"LAUST180000000000004","Indiana",2023,"M09","2023 Sep",109452,22128,25.3,18,22128,25.3
"LAUST180000000000004","Indiana",2023,"M10","2023 Oct",112452,10938,10.8,18,10938,10.8
"LAUST180000000000004","Indiana",2023,"M11","2023 Nov",115413,11885,11.5,18,11885,11.5
"LAUST180000000000004","Indiana",2023,"M12","2023 Dec",106530,14393,15.6,18,14393,15.6
"LAUST180000000000004","Indiana",2024,"M01","2024 Jan",136901,13904,11.3,18,13904,11.3
"LAUST180000000000004","Indiana",2024,"M02","2024 Feb",149242,18808,14.4,18,18808,14.4
"LAUST180000000000004","Indiana",2024,"M03","2024 Mar",143140,19908,16.2,18,19908,16.2
"LAUST180000000000004","Indiana",2024,"M04","2024 Apr",120614,25763,27.2,18,25763,27.2
"LAUST180000000000004","Indiana",2024,"M05","2024 May",135631,18514,15.8,18,18514,15.8
"LAUST180000000000004","Indiana",2024,"M06","2024 Jun",151689,28085,22.7,18,28085,22.7
"LAUST180000000000004","Indiana",2024,"M07","2024 Jul",165546,37723,29.5,18,37723,29.5
"LAUST180000000000004","Indiana",2024,"M08","2024 Aug",149836,28561,23.6,18,28561,23.6
"LAUST180000000000004","Indiana",2024,"M09","2024 Sep",132257,22805,20.8,18,22805,20.8
"LAUST180000000000004","Indiana",2024,"M10","2024 Oct",132388,19936,17.7,18,19936,17.7
"LAUST180000000000004","Indiana",2024,"M11","2024 Nov",137577,22164,19.2,18,22164,19.2
"LAUST180000000000004","Indiana",2024,"M12","2024 Dec",124500,17970,16.9,18,17970,16.9
"LAUST180000000000004","Indiana",2025,"M01","2025 Jan",145458,8557,6.3,18,8557,6.3
"LAUST180000000000004","Indiana",2025,"M02","2025 Feb",148113,-1129,-0.8,18,-1129,-0.8
"LAUST180000000000004","Indiana",2025,"M03","2025 Mar",132644,-10496,-7.3,18,-10496,-7.3
"LAUST180000000000004","Indiana",2025,"M04","2025 Apr",114568,-6046,-5,18,-6046,-5
"LAUST180000000000004","Indiana",2025,"M05","2025 May",127990,-7641,-5.6,18,-7641,-5.6
"LAUST180000000000004","Indiana",2025,"M06","2025 Jun",137716,-13973,-9.2,18,-13973,-9.2
"LAUST180000000000004","Indiana",2025,"M07","2025 Jul",147900,-17646,-10.7,18,-17646,-10.7
"LAUST180000000000004","Indiana",2025,"M08","2025 Aug",135144,-14692,-9.8,18,-14692,-9.8
"LAUST180000000000004","Indiana",2025,"M09","2025 Sep",124347,-7910,-6,18,-7910,-6
"LAUST180000000000004","Indiana",2025,"M10","2025 Oct",NA,NA,NA,18,NA,NA
"LAUST180000000000004","Indiana",2025,"M11","2025 Nov",108300,-29277,-21.3,18,-29277,-21.3
"LAUST180000000000004","Indiana",2025,"M12","2025 Dec",91585,-32915,-26.4,18,-32915,-26.4
"LAUST190000000000004","Iowa",2023,"M01","2023 Jan",62312,-161,-0.3,19,-161,-0.3
"LAUST190000000000004","Iowa",2023,"M02","2023 Feb",56734,4229,8.1,19,4229,8.1
"LAUST190000000000004","Iowa",2023,"M03","2023 Mar",54022,4692,9.5,19,4692,9.5
"LAUST190000000000004","Iowa",2023,"M04","2023 Apr",39758,3585,9.9,19,3585,9.9
"LAUST190000000000004","Iowa",2023,"M05","2023 May",48097,7106,17.3,19,7106,17.3
"LAUST190000000000004","Iowa",2023,"M06","2023 Jun",52448,3950,8.1,19,3950,8.1
"LAUST190000000000004","Iowa",2023,"M07","2023 Jul",53717,1095,2.1,19,1095,2.1
"LAUST190000000000004","Iowa",2023,"M08","2023 Aug",56377,1737,3.2,19,1737,3.2
"LAUST190000000000004","Iowa",2023,"M09","2023 Sep",46371,2677,6.1,19,2677,6.1
"LAUST190000000000004","Iowa",2023,"M10","2023 Oct",49785,915,1.9,19,915,1.9
"LAUST190000000000004","Iowa",2023,"M11","2023 Nov",43832,-3970,-8.3,19,-3970,-8.3
"LAUST190000000000004","Iowa",2023,"M12","2023 Dec",45183,-4860,-9.7,19,-4860,-9.7
"LAUST190000000000004","Iowa",2024,"M01","2024 Jan",59822,-2490,-4,19,-2490,-4
"LAUST190000000000004","Iowa",2024,"M02","2024 Feb",54126,-2608,-4.6,19,-2608,-4.6
"LAUST190000000000004","Iowa",2024,"M03","2024 Mar",48387,-5635,-10.4,19,-5635,-10.4
"LAUST190000000000004","Iowa",2024,"M04","2024 Apr",38409,-1349,-3.4,19,-1349,-3.4
"LAUST190000000000004","Iowa",2024,"M05","2024 May",46650,-1447,-3,19,-1447,-3
"LAUST190000000000004","Iowa",2024,"M06","2024 Jun",55200,2752,5.2,19,2752,5.2
"LAUST190000000000004","Iowa",2024,"M07","2024 Jul",61983,8266,15.4,19,8266,15.4
"LAUST190000000000004","Iowa",2024,"M08","2024 Aug",60880,4503,8,19,4503,8
"LAUST190000000000004","Iowa",2024,"M09","2024 Sep",51265,4894,10.6,19,4894,10.6
"LAUST190000000000004","Iowa",2024,"M10","2024 Oct",57249,7464,15,19,7464,15
"LAUST190000000000004","Iowa",2024,"M11","2024 Nov",57259,13427,30.6,19,13427,30.6
"LAUST190000000000004","Iowa",2024,"M12","2024 Dec",56013,10830,24,19,10830,24
"LAUST190000000000004","Iowa",2025,"M01","2025 Jan",71702,11880,19.9,19,11880,19.9
"LAUST190000000000004","Iowa",2025,"M02","2025 Feb",66480,12354,22.8,19,12354,22.8
"LAUST190000000000004","Iowa",2025,"M03","2025 Mar",63457,15070,31.1,19,15070,31.1
"LAUST190000000000004","Iowa",2025,"M04","2025 Apr",53120,14711,38.3,19,14711,38.3
"LAUST190000000000004","Iowa",2025,"M05","2025 May",57672,11022,23.6,19,11022,23.6
"LAUST190000000000004","Iowa",2025,"M06","2025 Jun",61456,6256,11.3,19,6256,11.3
"LAUST190000000000004","Iowa",2025,"M07","2025 Jul",65392,3409,5.5,19,3409,5.5
"LAUST190000000000004","Iowa",2025,"M08","2025 Aug",65980,5100,8.4,19,5100,8.4
"LAUST190000000000004","Iowa",2025,"M09","2025 Sep",54729,3464,6.8,19,3464,6.8
"LAUST190000000000004","Iowa",2025,"M10","2025 Oct",NA,NA,NA,19,NA,NA
"LAUST190000000000004","Iowa",2025,"M11","2025 Nov",56235,-1024,-1.8,19,-1024,-1.8
"LAUST190000000000004","Iowa",2025,"M12","2025 Dec",58202,2189,3.9,19,2189,3.9
"LAUST200000000000004","Kansas",2023,"M01","2023 Jan",45938,4232,10.1,20,4232,10.1
"LAUST200000000000004","Kansas",2023,"M02","2023 Feb",49927,6774,15.7,20,6774,15.7
"LAUST200000000000004","Kansas",2023,"M03","2023 Mar",45145,4380,10.7,20,4380,10.7
"LAUST200000000000004","Kansas",2023,"M04","2023 Apr",39549,4337,12.3,20,4337,12.3
"LAUST200000000000004","Kansas",2023,"M05","2023 May",41182,2802,7.3,20,2802,7.3
"LAUST200000000000004","Kansas",2023,"M06","2023 Jun",46932,921,2,20,921,2
"LAUST200000000000004","Kansas",2023,"M07","2023 Jul",49613,-1632,-3.2,20,-1632,-3.2
"LAUST200000000000004","Kansas",2023,"M08","2023 Aug",50268,-117,-0.2,20,-117,-0.2
"LAUST200000000000004","Kansas",2023,"M09","2023 Sep",41969,2270,5.7,20,2270,5.7
"LAUST200000000000004","Kansas",2023,"M10","2023 Oct",45323,1735,4,20,1735,4
"LAUST200000000000004","Kansas",2023,"M11","2023 Nov",35055,-2775,-7.3,20,-2775,-7.3
"LAUST200000000000004","Kansas",2023,"M12","2023 Dec",37397,-1393,-3.6,20,-1393,-3.6
"LAUST200000000000004","Kansas",2024,"M01","2024 Jan",47275,1337,2.9,20,1337,2.9
"LAUST200000000000004","Kansas",2024,"M02","2024 Feb",53810,3883,7.8,20,3883,7.8
"LAUST200000000000004","Kansas",2024,"M03","2024 Mar",51032,5887,13,20,5887,13
"LAUST200000000000004","Kansas",2024,"M04","2024 Apr",46985,7436,18.8,20,7436,18.8
"LAUST200000000000004","Kansas",2024,"M05","2024 May",50902,9720,23.6,20,9720,23.6
"LAUST200000000000004","Kansas",2024,"M06","2024 Jun",60358,13426,28.6,20,13426,28.6
"LAUST200000000000004","Kansas",2024,"M07","2024 Jul",68002,18389,37.1,20,18389,37.1
"LAUST200000000000004","Kansas",2024,"M08","2024 Aug",63700,13432,26.7,20,13432,26.7
"LAUST200000000000004","Kansas",2024,"M09","2024 Sep",52146,10177,24.2,20,10177,24.2
"LAUST200000000000004","Kansas",2024,"M10","2024 Oct",56803,11480,25.3,20,11480,25.3
"LAUST200000000000004","Kansas",2024,"M11","2024 Nov",52395,17340,49.5,20,17340,49.5
"LAUST200000000000004","Kansas",2024,"M12","2024 Dec",51461,14064,37.6,20,14064,37.6
"LAUST200000000000004","Kansas",2025,"M01","2025 Jan",59058,11783,24.9,20,11783,24.9
"LAUST200000000000004","Kansas",2025,"M02","2025 Feb",63084,9274,17.2,20,9274,17.2
"LAUST200000000000004","Kansas",2025,"M03","2025 Mar",59714,8682,17,20,8682,17
"LAUST200000000000004","Kansas",2025,"M04","2025 Apr",55349,8364,17.8,20,8364,17.8
"LAUST200000000000004","Kansas",2025,"M05","2025 May",56473,5571,10.9,20,5571,10.9
"LAUST200000000000004","Kansas",2025,"M06","2025 Jun",62743,2385,4,20,2385,4
"LAUST200000000000004","Kansas",2025,"M07","2025 Jul",68428,426,0.6,20,426,0.6
"LAUST200000000000004","Kansas",2025,"M08","2025 Aug",65603,1903,3,20,1903,3
"LAUST200000000000004","Kansas",2025,"M09","2025 Sep",57044,4898,9.4,20,4898,9.4
"LAUST200000000000004","Kansas",2025,"M10","2025 Oct",NA,NA,NA,20,NA,NA
"LAUST200000000000004","Kansas",2025,"M11","2025 Nov",53946,1551,3,20,1551,3
"LAUST200000000000004","Kansas",2025,"M12","2025 Dec",53611,2150,4.2,20,2150,4.2
"LAUST210000000000004","Kentucky",2023,"M01","2023 Jan",91505,-1012,-1.1,21,-1012,-1.1
"LAUST210000000000004","Kentucky",2023,"M02","2023 Feb",95659,6893,7.8,21,6893,7.8
"LAUST210000000000004","Kentucky",2023,"M03","2023 Mar",89860,-2137,-2.3,21,-2137,-2.3
"LAUST210000000000004","Kentucky",2023,"M04","2023 Apr",71198,1163,1.7,21,1163,1.7
"LAUST210000000000004","Kentucky",2023,"M05","2023 May",83633,3648,4.6,21,3648,4.6
"LAUST210000000000004","Kentucky",2023,"M06","2023 Jun",96443,4603,5,21,4603,5
"LAUST210000000000004","Kentucky",2023,"M07","2023 Jul",96537,3255,3.5,21,3255,3.5
"LAUST210000000000004","Kentucky",2023,"M08","2023 Aug",86481,4983,6.1,21,4983,6.1
"LAUST210000000000004","Kentucky",2023,"M09","2023 Sep",85007,9559,12.7,21,9559,12.7
"LAUST210000000000004","Kentucky",2023,"M10","2023 Oct",84029,5580,7.1,21,5580,7.1
"LAUST210000000000004","Kentucky",2023,"M11","2023 Nov",83373,8349,11.1,21,8349,11.1
"LAUST210000000000004","Kentucky",2023,"M12","2023 Dec",84694,12262,16.9,21,12262,16.9
"LAUST210000000000004","Kentucky",2024,"M01","2024 Jan",100975,9470,10.3,21,9470,10.3
"LAUST210000000000004","Kentucky",2024,"M02","2024 Feb",108105,12446,13,21,12446,13
"LAUST210000000000004","Kentucky",2024,"M03","2024 Mar",105817,15957,17.8,21,15957,17.8
"LAUST210000000000004","Kentucky",2024,"M04","2024 Apr",88019,16821,23.6,21,16821,23.6
"LAUST210000000000004","Kentucky",2024,"M05","2024 May",93779,10146,12.1,21,10146,12.1
"LAUST210000000000004","Kentucky",2024,"M06","2024 Jun",109703,13260,13.7,21,13260,13.7
"LAUST210000000000004","Kentucky",2024,"M07","2024 Jul",119784,23247,24.1,21,23247,24.1
"LAUST210000000000004","Kentucky",2024,"M08","2024 Aug",103391,16910,19.6,21,16910,19.6
"LAUST210000000000004","Kentucky",2024,"M09","2024 Sep",96616,11609,13.7,21,11609,13.7
"LAUST210000000000004","Kentucky",2024,"M10","2024 Oct",95633,11604,13.8,21,11604,13.8
"LAUST210000000000004","Kentucky",2024,"M11","2024 Nov",96395,13022,15.6,21,13022,15.6
"LAUST210000000000004","Kentucky",2024,"M12","2024 Dec",93269,8575,10.1,21,8575,10.1
"LAUST210000000000004","Kentucky",2025,"M01","2025 Jan",109058,8083,8,21,8083,8
"LAUST210000000000004","Kentucky",2025,"M02","2025 Feb",110505,2400,2.2,21,2400,2.2
"LAUST210000000000004","Kentucky",2025,"M03","2025 Mar",107641,1824,1.7,21,1824,1.7
"LAUST210000000000004","Kentucky",2025,"M04","2025 Apr",89620,1601,1.8,21,1601,1.8
"LAUST210000000000004","Kentucky",2025,"M05","2025 May",93698,-81,-0.1,21,-81,-0.1
"LAUST210000000000004","Kentucky",2025,"M06","2025 Jun",104667,-5036,-4.6,21,-5036,-4.6
"LAUST210000000000004","Kentucky",2025,"M07","2025 Jul",111314,-8470,-7.1,21,-8470,-7.1
"LAUST210000000000004","Kentucky",2025,"M08","2025 Aug",92905,-10486,-10.1,21,-10486,-10.1
"LAUST210000000000004","Kentucky",2025,"M09","2025 Sep",93738,-2878,-3,21,-2878,-3
"LAUST210000000000004","Kentucky",2025,"M10","2025 Oct",NA,NA,NA,21,NA,NA
"LAUST210000000000004","Kentucky",2025,"M11","2025 Nov",82400,-13995,-14.5,21,-13995,-14.5
"LAUST210000000000004","Kentucky",2025,"M12","2025 Dec",74539,-18730,-20.1,21,-18730,-20.1
"LAUST220000000000004","Louisiana",2023,"M01","2023 Jan",76431,-8595,-10.1,22,-8595,-10.1
"LAUST220000000000004","Louisiana",2023,"M02","2023 Feb",72897,-4352,-5.6,22,-4352,-5.6
"LAUST220000000000004","Louisiana",2023,"M03","2023 Mar",70244,-3853,-5.2,22,-3853,-5.2
"LAUST220000000000004","Louisiana",2023,"M04","2023 Apr",63664,-3936,-5.8,22,-3936,-5.8
"LAUST220000000000004","Louisiana",2023,"M05","2023 May",76291,2385,3.2,22,2385,3.2
"LAUST220000000000004","Louisiana",2023,"M06","2023 Jun",88194,-4659,-5,22,-4659,-5
"LAUST220000000000004","Louisiana",2023,"M07","2023 Jul",76890,-9094,-10.6,22,-9094,-10.6
"LAUST220000000000004","Louisiana",2023,"M08","2023 Aug",80660,531,0.7,22,531,0.7
"LAUST220000000000004","Louisiana",2023,"M09","2023 Sep",82518,8332,11.2,22,8332,11.2
"LAUST220000000000004","Louisiana",2023,"M10","2023 Oct",81974,13724,20.1,22,13724,20.1
"LAUST220000000000004","Louisiana",2023,"M11","2023 Nov",78632,12882,19.6,22,12882,19.6
"LAUST220000000000004","Louisiana",2023,"M12","2023 Dec",79869,13524,20.4,22,13524,20.4
"LAUST220000000000004","Louisiana",2024,"M01","2024 Jan",88688,12257,16,22,12257,16
"LAUST220000000000004","Louisiana",2024,"M02","2024 Feb",86144,13247,18.2,22,13247,18.2
"LAUST220000000000004","Louisiana",2024,"M03","2024 Mar",84307,14063,20,22,14063,20
"LAUST220000000000004","Louisiana",2024,"M04","2024 Apr",74589,10925,17.2,22,10925,17.2
"LAUST220000000000004","Louisiana",2024,"M05","2024 May",80620,4329,5.7,22,4329,5.7
"LAUST220000000000004","Louisiana",2024,"M06","2024 Jun",101296,13102,14.9,22,13102,14.9
"LAUST220000000000004","Louisiana",2024,"M07","2024 Jul",100587,23697,30.8,22,23697,30.8
"LAUST220000000000004","Louisiana",2024,"M08","2024 Aug",97785,17125,21.2,22,17125,21.2
"LAUST220000000000004","Louisiana",2024,"M09","2024 Sep",94085,11567,14,22,11567,14
"LAUST220000000000004","Louisiana",2024,"M10","2024 Oct",93140,11166,13.6,22,11166,13.6
"LAUST220000000000004","Louisiana",2024,"M11","2024 Nov",90035,11403,14.5,22,11403,14.5
"LAUST220000000000004","Louisiana",2024,"M12","2024 Dec",83346,3477,4.4,22,3477,4.4
"LAUST220000000000004","Louisiana",2025,"M01","2025 Jan",90402,1714,1.9,22,1714,1.9
"LAUST220000000000004","Louisiana",2025,"M02","2025 Feb",86112,-32,0,22,-32,0
"LAUST220000000000004","Louisiana",2025,"M03","2025 Mar",86865,2558,3,22,2558,3
"LAUST220000000000004","Louisiana",2025,"M04","2025 Apr",80219,5630,7.5,22,5630,7.5
"LAUST220000000000004","Louisiana",2025,"M05","2025 May",90123,9503,11.8,22,9503,11.8
"LAUST220000000000004","Louisiana",2025,"M06","2025 Jun",101460,164,0.2,22,164,0.2
"LAUST220000000000004","Louisiana",2025,"M07","2025 Jul",96646,-3941,-3.9,22,-3941,-3.9
"LAUST220000000000004","Louisiana",2025,"M08","2025 Aug",91388,-6397,-6.5,22,-6397,-6.5
"LAUST220000000000004","Louisiana",2025,"M09","2025 Sep",92323,-1762,-1.9,22,-1762,-1.9
"LAUST220000000000004","Louisiana",2025,"M10","2025 Oct",NA,NA,NA,22,NA,NA
"LAUST220000000000004","Louisiana",2025,"M11","2025 Nov",91038,1003,1.1,22,1003,1.1
"LAUST220000000000004","Louisiana",2025,"M12","2025 Dec",83527,181,0.2,22,181,0.2
"LAUST230000000000004","Maine",2023,"M01","2023 Jan",21405,-8350,-28.1,23,-8350,-28.1
"LAUST230000000000004","Maine",2023,"M02","2023 Feb",22868,-4909,-17.7,23,-4909,-17.7
"LAUST230000000000004","Maine",2023,"M03","2023 Mar",20988,-3602,-14.6,23,-3602,-14.6
"LAUST230000000000004","Maine",2023,"M04","2023 Apr",16903,-3415,-16.8,23,-3415,-16.8
"LAUST230000000000004","Maine",2023,"M05","2023 May",18024,-1063,-5.6,23,-1063,-5.6
"LAUST230000000000004","Maine",2023,"M06","2023 Jun",16263,-322,-1.9,23,-322,-1.9
"LAUST230000000000004","Maine",2023,"M07","2023 Jul",16402,804,5.2,23,804,5.2
"LAUST230000000000004","Maine",2023,"M08","2023 Aug",16486,1570,10.5,23,1570,10.5
"LAUST230000000000004","Maine",2023,"M09","2023 Sep",15511,934,6.4,23,934,6.4
"LAUST230000000000004","Maine",2023,"M10","2023 Oct",16708,1214,7.8,23,1214,7.8
"LAUST230000000000004","Maine",2023,"M11","2023 Nov",19027,1555,8.9,23,1555,8.9
"LAUST230000000000004","Maine",2023,"M12","2023 Dec",19917,2751,16,23,2751,16
"LAUST230000000000004","Maine",2024,"M01","2024 Jan",23773,2368,11.1,23,2368,11.1
"LAUST230000000000004","Maine",2024,"M02","2024 Feb",24979,2111,9.2,23,2111,9.2
"LAUST230000000000004","Maine",2024,"M03","2024 Mar",22784,1796,8.6,23,1796,8.6
"LAUST230000000000004","Maine",2024,"M04","2024 Apr",19930,3027,17.9,23,3027,17.9
"LAUST230000000000004","Maine",2024,"M05","2024 May",19973,1949,10.8,23,1949,10.8
"LAUST230000000000004","Maine",2024,"M06","2024 Jun",18483,2220,13.7,23,2220,13.7
"LAUST230000000000004","Maine",2024,"M07","2024 Jul",20129,3727,22.7,23,3727,22.7
"LAUST230000000000004","Maine",2024,"M08","2024 Aug",19778,3292,20,23,3292,20
"LAUST230000000000004","Maine",2024,"M09","2024 Sep",18333,2822,18.2,23,2822,18.2
"LAUST230000000000004","Maine",2024,"M10","2024 Oct",19900,3192,19.1,23,3192,19.1
"LAUST230000000000004","Maine",2024,"M11","2024 Nov",23381,4354,22.9,23,4354,22.9
"LAUST230000000000004","Maine",2024,"M12","2024 Dec",23148,3231,16.2,23,3231,16.2
"LAUST230000000000004","Maine",2025,"M01","2025 Jan",27620,3847,16.2,23,3847,16.2
"LAUST230000000000004","Maine",2025,"M02","2025 Feb",28332,3353,13.4,23,3353,13.4
"LAUST230000000000004","Maine",2025,"M03","2025 Mar",26780,3996,17.5,23,3996,17.5
"LAUST230000000000004","Maine",2025,"M04","2025 Apr",23975,4045,20.3,23,4045,20.3
"LAUST230000000000004","Maine",2025,"M05","2025 May",23347,3374,16.9,23,3374,16.9
"LAUST230000000000004","Maine",2025,"M06","2025 Jun",20393,1910,10.3,23,1910,10.3
"LAUST230000000000004","Maine",2025,"M07","2025 Jul",21676,1547,7.7,23,1547,7.7
"LAUST230000000000004","Maine",2025,"M08","2025 Aug",21368,1590,8,23,1590,8
"LAUST230000000000004","Maine",2025,"M09","2025 Sep",20942,2609,14.2,23,2609,14.2
"LAUST230000000000004","Maine",2025,"M10","2025 Oct",NA,NA,NA,23,NA,NA
"LAUST230000000000004","Maine",2025,"M11","2025 Nov",23821,440,1.9,23,440,1.9
"LAUST230000000000004","Maine",2025,"M12","2025 Dec",23186,38,0.2,23,38,0.2
"LAUST240000000000004","Maryland",2023,"M01","2023 Jan",81413,-35607,-30.4,24,-35607,-30.4
"LAUST240000000000004","Maryland",2023,"M02","2023 Feb",80779,-33121,-29.1,24,-33121,-29.1
"LAUST240000000000004","Maryland",2023,"M03","2023 Mar",67861,-35787,-34.5,24,-35787,-34.5
"LAUST240000000000004","Maryland",2023,"M04","2023 Apr",49816,-35585,-41.7,24,-35585,-41.7
"LAUST240000000000004","Maryland",2023,"M05","2023 May",56141,-33916,-37.7,24,-33916,-37.7
"LAUST240000000000004","Maryland",2023,"M06","2023 Jun",65128,-44059,-40.4,24,-44059,-40.4
"LAUST240000000000004","Maryland",2023,"M07","2023 Jul",71524,-31106,-30.3,24,-31106,-30.3
"LAUST240000000000004","Maryland",2023,"M08","2023 Aug",77845,-25911,-25,24,-25911,-25
"LAUST240000000000004","Maryland",2023,"M09","2023 Sep",72652,-11590,-13.8,24,-11590,-13.8
"LAUST240000000000004","Maryland",2023,"M10","2023 Oct",81133,-7267,-8.2,24,-7267,-8.2
"LAUST240000000000004","Maryland",2023,"M11","2023 Nov",76266,-2295,-2.9,24,-2295,-2.9
"LAUST240000000000004","Maryland",2023,"M12","2023 Dec",77868,11306,17,24,11306,17
"LAUST240000000000004","Maryland",2024,"M01","2024 Jan",97494,16081,19.8,24,16081,19.8
"LAUST240000000000004","Maryland",2024,"M02","2024 Feb",103273,22494,27.8,24,22494,27.8
"LAUST240000000000004","Maryland",2024,"M03","2024 Mar",98872,31011,45.7,24,31011,45.7
"LAUST240000000000004","Maryland",2024,"M04","2024 Apr",84167,34351,69,24,34351,69
"LAUST240000000000004","Maryland",2024,"M05","2024 May",88297,32156,57.3,24,32156,57.3
"LAUST240000000000004","Maryland",2024,"M06","2024 Jun",112940,47812,73.4,24,47812,73.4
"LAUST240000000000004","Maryland",2024,"M07","2024 Jul",118530,47006,65.7,24,47006,65.7
"LAUST240000000000004","Maryland",2024,"M08","2024 Aug",117431,39586,50.9,24,39586,50.9
"LAUST240000000000004","Maryland",2024,"M09","2024 Sep",99679,27027,37.2,24,27027,37.2
"LAUST240000000000004","Maryland",2024,"M10","2024 Oct",108047,26914,33.2,24,26914,33.2
"LAUST240000000000004","Maryland",2024,"M11","2024 Nov",108587,32321,42.4,24,32321,42.4
"LAUST240000000000004","Maryland",2024,"M12","2024 Dec",97647,19779,25.4,24,19779,25.4
"LAUST240000000000004","Maryland",2025,"M01","2025 Jan",116915,19421,19.9,24,19421,19.9
"LAUST240000000000004","Maryland",2025,"M02","2025 Feb",125330,22057,21.4,24,22057,21.4
"LAUST240000000000004","Maryland",2025,"M03","2025 Mar",122079,23207,23.5,24,23207,23.5
"LAUST240000000000004","Maryland",2025,"M04","2025 Apr",111095,26928,32,24,26928,32
"LAUST240000000000004","Maryland",2025,"M05","2025 May",120315,32018,36.3,24,32018,36.3
"LAUST240000000000004","Maryland",2025,"M06","2025 Jun",136286,23346,20.7,24,23346,20.7
"LAUST240000000000004","Maryland",2025,"M07","2025 Jul",142858,24328,20.5,24,24328,20.5
"LAUST240000000000004","Maryland",2025,"M08","2025 Aug",147780,30349,25.8,24,30349,25.8
"LAUST240000000000004","Maryland",2025,"M09","2025 Sep",139936,40257,40.4,24,40257,40.4
"LAUST240000000000004","Maryland",2025,"M10","2025 Oct",NA,NA,NA,24,NA,NA
"LAUST240000000000004","Maryland",2025,"M11","2025 Nov",135123,26536,24.4,24,26536,24.4
"LAUST240000000000004","Maryland",2025,"M12","2025 Dec",118436,20789,21.3,24,20789,21.3
"LAUST250000000000004","Massachusetts",2023,"M01","2023 Jan",149660,-15713,-9.5,25,-15713,-9.5
"LAUST250000000000004","Massachusetts",2023,"M02","2023 Feb",153155,-5095,-3.2,25,-5095,-3.2
"LAUST250000000000004","Massachusetts",2023,"M03","2023 Mar",138677,-4261,-3,25,-4261,-3
"LAUST250000000000004","Massachusetts",2023,"M04","2023 Apr",106385,-15702,-12.9,25,-15702,-12.9
"LAUST250000000000004","Massachusetts",2023,"M05","2023 May",124829,-8014,-6,25,-8014,-6
"LAUST250000000000004","Massachusetts",2023,"M06","2023 Jun",136545,-9224,-6.3,25,-9224,-6.3
"LAUST250000000000004","Massachusetts",2023,"M07","2023 Jul",138926,-9605,-6.5,25,-9605,-6.5
"LAUST250000000000004","Massachusetts",2023,"M08","2023 Aug",139169,-9616,-6.5,25,-9616,-6.5
"LAUST250000000000004","Massachusetts",2023,"M09","2023 Sep",122905,-1871,-1.5,25,-1871,-1.5
"LAUST250000000000004","Massachusetts",2023,"M10","2023 Oct",128331,1741,1.4,25,1741,1.4
"LAUST250000000000004","Massachusetts",2023,"M11","2023 Nov",124661,4022,3.3,25,4022,3.3
"LAUST250000000000004","Massachusetts",2023,"M12","2023 Dec",137826,13282,10.7,25,13282,10.7
"LAUST250000000000004","Massachusetts",2024,"M01","2024 Jan",159241,9581,6.4,25,9581,6.4
"LAUST250000000000004","Massachusetts",2024,"M02","2024 Feb",165904,12749,8.3,25,12749,8.3
"LAUST250000000000004","Massachusetts",2024,"M03","2024 Mar",155135,16458,11.9,25,16458,11.9
"LAUST250000000000004","Massachusetts",2024,"M04","2024 Apr",132982,26597,25,25,26597,25
"LAUST250000000000004","Massachusetts",2024,"M05","2024 May",150019,25190,20.2,25,25190,20.2
"LAUST250000000000004","Massachusetts",2024,"M06","2024 Jun",164660,28115,20.6,25,28115,20.6
"LAUST250000000000004","Massachusetts",2024,"M07","2024 Jul",178111,39185,28.2,25,39185,28.2
"LAUST250000000000004","Massachusetts",2024,"M08","2024 Aug",169764,30595,22,25,30595,22
"LAUST250000000000004","Massachusetts",2024,"M09","2024 Sep",144232,21327,17.4,25,21327,17.4
"LAUST250000000000004","Massachusetts",2024,"M10","2024 Oct",148757,20426,15.9,25,20426,15.9
"LAUST250000000000004","Massachusetts",2024,"M11","2024 Nov",149580,24919,20,25,24919,20
"LAUST250000000000004","Massachusetts",2024,"M12","2024 Dec",155047,17221,12.5,25,17221,12.5
"LAUST250000000000004","Massachusetts",2025,"M01","2025 Jan",179930,20689,13,25,20689,13
"LAUST250000000000004","Massachusetts",2025,"M02","2025 Feb",187162,21258,12.8,25,21258,12.8
"LAUST250000000000004","Massachusetts",2025,"M03","2025 Mar",178540,23405,15.1,25,23405,15.1
"LAUST250000000000004","Massachusetts",2025,"M04","2025 Apr",158888,25906,19.5,25,25906,19.5
"LAUST250000000000004","Massachusetts",2025,"M05","2025 May",172241,22222,14.8,25,22222,14.8
"LAUST250000000000004","Massachusetts",2025,"M06","2025 Jun",177806,13146,8,25,13146,8
"LAUST250000000000004","Massachusetts",2025,"M07","2025 Jul",187488,9377,5.3,25,9377,5.3
"LAUST250000000000004","Massachusetts",2025,"M08","2025 Aug",183157,13393,7.9,25,13393,7.9
"LAUST250000000000004","Massachusetts",2025,"M09","2025 Sep",171292,27060,18.8,25,27060,18.8
"LAUST250000000000004","Massachusetts",2025,"M10","2025 Oct",NA,NA,NA,25,NA,NA
"LAUST250000000000004","Massachusetts",2025,"M11","2025 Nov",181182,31602,21.1,25,31602,21.1
"LAUST250000000000004","Massachusetts",2025,"M12","2025 Dec",179990,24943,16.1,25,24943,16.1
"LAUST260000000000004","Michigan",2023,"M01","2023 Jan",222192,-20850,-8.6,26,-20850,-8.6
"LAUST260000000000004","Michigan",2023,"M02","2023 Feb",216086,-18661,-7.9,26,-18661,-7.9
"LAUST260000000000004","Michigan",2023,"M03","2023 Mar",198323,-16123,-7.5,26,-16123,-7.5
"LAUST260000000000004","Michigan",2023,"M04","2023 Apr",151585,-40180,-21,26,-40180,-21
"LAUST260000000000004","Michigan",2023,"M05","2023 May",192167,-14571,-7,26,-14571,-7
"LAUST260000000000004","Michigan",2023,"M06","2023 Jun",207300,-8794,-4.1,26,-8794,-4.1
"LAUST260000000000004","Michigan",2023,"M07","2023 Jul",221449,5370,2.5,26,5370,2.5
"LAUST260000000000004","Michigan",2023,"M08","2023 Aug",208544,7088,3.5,26,7088,3.5
"LAUST260000000000004","Michigan",2023,"M09","2023 Sep",194030,13934,7.7,26,13934,7.7
"LAUST260000000000004","Michigan",2023,"M10","2023 Oct",193421,13962,7.8,26,13962,7.8
"LAUST260000000000004","Michigan",2023,"M11","2023 Nov",170184,419,0.2,26,419,0.2
"LAUST260000000000004","Michigan",2023,"M12","2023 Dec",177351,-3256,-1.8,26,-3256,-1.8
"LAUST260000000000004","Michigan",2024,"M01","2024 Jan",209165,-13027,-5.9,26,-13027,-5.9
"LAUST260000000000004","Michigan",2024,"M02","2024 Feb",221253,5167,2.4,26,5167,2.4
"LAUST260000000000004","Michigan",2024,"M03","2024 Mar",218264,19941,10.1,26,19941,10.1
"LAUST260000000000004","Michigan",2024,"M04","2024 Apr",196311,44726,29.5,26,44726,29.5
"LAUST260000000000004","Michigan",2024,"M05","2024 May",221203,29036,15.1,26,29036,15.1
"LAUST260000000000004","Michigan",2024,"M06","2024 Jun",259370,52070,25.1,26,52070,25.1
"LAUST260000000000004","Michigan",2024,"M07","2024 Jul",297177,75728,34.2,26,75728,34.2
"LAUST260000000000004","Michigan",2024,"M08","2024 Aug",250939,42395,20.3,26,42395,20.3
"LAUST260000000000004","Michigan",2024,"M09","2024 Sep",233128,39098,20.2,26,39098,20.2
"LAUST260000000000004","Michigan",2024,"M10","2024 Oct",242367,48946,25.3,26,48946,25.3
"LAUST260000000000004","Michigan",2024,"M11","2024 Nov",245623,75439,44.3,26,75439,44.3
"LAUST260000000000004","Michigan",2024,"M12","2024 Dec",252067,74716,42.1,26,74716,42.1
"LAUST260000000000004","Michigan",2025,"M01","2025 Jan",287426,78261,37.4,26,78261,37.4
"LAUST260000000000004","Michigan",2025,"M02","2025 Feb",288552,67299,30.4,26,67299,30.4
"LAUST260000000000004","Michigan",2025,"M03","2025 Mar",277169,58905,27,26,58905,27
"LAUST260000000000004","Michigan",2025,"M04","2025 Apr",235290,38979,19.9,26,38979,19.9
"LAUST260000000000004","Michigan",2025,"M05","2025 May",255813,34610,15.6,26,34610,15.6
"LAUST260000000000004","Michigan",2025,"M06","2025 Jun",263895,4525,1.7,26,4525,1.7
"LAUST260000000000004","Michigan",2025,"M07","2025 Jul",290708,-6469,-2.2,26,-6469,-2.2
"LAUST260000000000004","Michigan",2025,"M08","2025 Aug",247398,-3541,-1.4,26,-3541,-1.4
"LAUST260000000000004","Michigan",2025,"M09","2025 Sep",232015,-1113,-0.5,26,-1113,-0.5
"LAUST260000000000004","Michigan",2025,"M10","2025 Oct",NA,NA,NA,26,NA,NA
"LAUST260000000000004","Michigan",2025,"M11","2025 Nov",240521,-5102,-2.1,26,-5102,-2.1
"LAUST260000000000004","Michigan",2025,"M12","2025 Dec",236439,-15628,-6.2,26,-15628,-6.2
"LAUST270000000000004","Minnesota",2023,"M01","2023 Jan",100537,-2440,-2.4,27,-2440,-2.4
"LAUST270000000000004","Minnesota",2023,"M02","2023 Feb",105720,13079,14.1,27,13079,14.1
"LAUST270000000000004","Minnesota",2023,"M03","2023 Mar",99759,12746,14.6,27,12746,14.6
"LAUST270000000000004","Minnesota",2023,"M04","2023 Apr",84835,21717,34.4,27,21717,34.4
"LAUST270000000000004","Minnesota",2023,"M05","2023 May",83398,23316,38.8,27,23316,38.8
"LAUST270000000000004","Minnesota",2023,"M06","2023 Jun",97104,18674,23.8,27,18674,23.8
"LAUST270000000000004","Minnesota",2023,"M07","2023 Jul",88205,16686,23.3,27,16686,23.3
"LAUST270000000000004","Minnesota",2023,"M08","2023 Aug",89850,15217,20.4,27,15217,20.4
"LAUST270000000000004","Minnesota",2023,"M09","2023 Sep",73822,14675,24.8,27,14675,24.8
"LAUST270000000000004","Minnesota",2023,"M10","2023 Oct",70219,12083,20.8,27,12083,20.8
"LAUST270000000000004","Minnesota",2023,"M11","2023 Nov",62550,-2275,-3.5,27,-2275,-3.5
"LAUST270000000000004","Minnesota",2023,"M12","2023 Dec",80918,-1187,-1.4,27,-1187,-1.4
"LAUST270000000000004","Minnesota",2024,"M01","2024 Jan",106258,5721,5.7,27,5721,5.7
"LAUST270000000000004","Minnesota",2024,"M02","2024 Feb",112396,6676,6.3,27,6676,6.3
"LAUST270000000000004","Minnesota",2024,"M03","2024 Mar",106785,7026,7,27,7026,7
"LAUST270000000000004","Minnesota",2024,"M04","2024 Apr",89476,4641,5.5,27,4641,5.5
"LAUST270000000000004","Minnesota",2024,"M05","2024 May",88676,5278,6.3,27,5278,6.3
"LAUST270000000000004","Minnesota",2024,"M06","2024 Jun",112208,15104,15.6,27,15104,15.6
"LAUST270000000000004","Minnesota",2024,"M07","2024 Jul",110576,22371,25.4,27,22371,25.4
"LAUST270000000000004","Minnesota",2024,"M08","2024 Aug",106538,16688,18.6,27,16688,18.6
"LAUST270000000000004","Minnesota",2024,"M09","2024 Sep",84236,10414,14.1,27,10414,14.1
"LAUST270000000000004","Minnesota",2024,"M10","2024 Oct",80468,10249,14.6,27,10249,14.6
"LAUST270000000000004","Minnesota",2024,"M11","2024 Nov",86327,23777,38,27,23777,38
"LAUST270000000000004","Minnesota",2024,"M12","2024 Dec",94895,13977,17.3,27,13977,17.3
"LAUST270000000000004","Minnesota",2025,"M01","2025 Jan",124117,17859,16.8,27,17859,16.8
"LAUST270000000000004","Minnesota",2025,"M02","2025 Feb",130330,17934,16,27,17934,16
"LAUST270000000000004","Minnesota",2025,"M03","2025 Mar",130049,23264,21.8,27,23264,21.8
"LAUST270000000000004","Minnesota",2025,"M04","2025 Apr",112389,22913,25.6,27,22913,25.6
"LAUST270000000000004","Minnesota",2025,"M05","2025 May",110612,21936,24.7,27,21936,24.7
"LAUST270000000000004","Minnesota",2025,"M06","2025 Jun",128475,16267,14.5,27,16267,14.5
"LAUST270000000000004","Minnesota",2025,"M07","2025 Jul",127529,16953,15.3,27,16953,15.3
"LAUST270000000000004","Minnesota",2025,"M08","2025 Aug",127830,21292,20,27,21292,20
"LAUST270000000000004","Minnesota",2025,"M09","2025 Sep",112510,28274,33.6,27,28274,33.6
"LAUST270000000000004","Minnesota",2025,"M10","2025 Oct",NA,NA,NA,27,NA,NA
"LAUST270000000000004","Minnesota",2025,"M11","2025 Nov",128612,42285,49,27,42285,49
"LAUST270000000000004","Minnesota",2025,"M12","2025 Dec",137039,42144,44.4,27,42144,44.4
"LAUST280000000000004","Mississippi",2023,"M01","2023 Jan",42883,-13983,-24.6,28,-13983,-24.6
"LAUST280000000000004","Mississippi",2023,"M02","2023 Feb",40665,-11180,-21.6,28,-11180,-21.6
"LAUST280000000000004","Mississippi",2023,"M03","2023 Mar",38327,-5030,-11.6,28,-5030,-11.6
"LAUST280000000000004","Mississippi",2023,"M04","2023 Apr",32235,-9946,-23.6,28,-9946,-23.6
"LAUST280000000000004","Mississippi",2023,"M05","2023 May",37998,-8019,-17.4,28,-8019,-17.4
"LAUST280000000000004","Mississippi",2023,"M06","2023 Jun",50193,-8624,-14.7,28,-8624,-14.7
"LAUST280000000000004","Mississippi",2023,"M07","2023 Jul",47473,-8896,-15.8,28,-8896,-15.8
"LAUST280000000000004","Mississippi",2023,"M08","2023 Aug",44803,-5466,-10.9,28,-5466,-10.9
"LAUST280000000000004","Mississippi",2023,"M09","2023 Sep",36682,-9044,-19.8,28,-9044,-19.8
"LAUST280000000000004","Mississippi",2023,"M10","2023 Oct",33676,-8453,-20.1,28,-8453,-20.1
"LAUST280000000000004","Mississippi",2023,"M11","2023 Nov",31053,-10610,-25.5,28,-10610,-25.5
"LAUST280000000000004","Mississippi",2023,"M12","2023 Dec",31594,-7359,-18.9,28,-7359,-18.9
"LAUST280000000000004","Mississippi",2024,"M01","2024 Jan",38642,-4241,-9.9,28,-4241,-9.9
"LAUST280000000000004","Mississippi",2024,"M02","2024 Feb",34849,-5816,-14.3,28,-5816,-14.3
"LAUST280000000000004","Mississippi",2024,"M03","2024 Mar",31795,-6532,-17,28,-6532,-17
"LAUST280000000000004","Mississippi",2024,"M04","2024 Apr",25349,-6886,-21.4,28,-6886,-21.4
"LAUST280000000000004","Mississippi",2024,"M05","2024 May",37176,-822,-2.2,28,-822,-2.2
"LAUST280000000000004","Mississippi",2024,"M06","2024 Jun",50696,503,1,28,503,1
"LAUST280000000000004","Mississippi",2024,"M07","2024 Jul",49145,1672,3.5,28,1672,3.5
"LAUST280000000000004","Mississippi",2024,"M08","2024 Aug",46236,1433,3.2,28,1433,3.2
"LAUST280000000000004","Mississippi",2024,"M09","2024 Sep",42320,5638,15.4,28,5638,15.4
"LAUST280000000000004","Mississippi",2024,"M10","2024 Oct",43051,9375,27.8,28,9375,27.8
"LAUST280000000000004","Mississippi",2024,"M11","2024 Nov",44481,13428,43.2,28,13428,43.2
"LAUST280000000000004","Mississippi",2024,"M12","2024 Dec",45297,13703,43.4,28,13703,43.4
"LAUST280000000000004","Mississippi",2025,"M01","2025 Jan",50020,11378,29.4,28,11378,29.4
"LAUST280000000000004","Mississippi",2025,"M02","2025 Feb",52278,17429,50,28,17429,50
"LAUST280000000000004","Mississippi",2025,"M03","2025 Mar",48733,16938,53.3,28,16938,53.3
"LAUST280000000000004","Mississippi",2025,"M04","2025 Apr",43059,17710,69.9,28,17710,69.9
"LAUST280000000000004","Mississippi",2025,"M05","2025 May",48064,10888,29.3,28,10888,29.3
"LAUST280000000000004","Mississippi",2025,"M06","2025 Jun",58605,7909,15.6,28,7909,15.6
"LAUST280000000000004","Mississippi",2025,"M07","2025 Jul",57933,8788,17.9,28,8788,17.9
"LAUST280000000000004","Mississippi",2025,"M08","2025 Aug",52920,6684,14.5,28,6684,14.5
"LAUST280000000000004","Mississippi",2025,"M09","2025 Sep",47103,4783,11.3,28,4783,11.3
"LAUST280000000000004","Mississippi",2025,"M10","2025 Oct",NA,NA,NA,28,NA,NA
"LAUST280000000000004","Mississippi",2025,"M11","2025 Nov",45977,1496,3.4,28,1496,3.4
"LAUST280000000000004","Mississippi",2025,"M12","2025 Dec",40124,-5173,-11.4,28,-5173,-11.4
"LAUST290000000000004","Missouri",2023,"M01","2023 Jan",97533,-11174,-10.3,29,-11174,-10.3
"LAUST290000000000004","Missouri",2023,"M02","2023 Feb",99884,1087,1.1,29,1087,1.1
"LAUST290000000000004","Missouri",2023,"M03","2023 Mar",97499,7648,8.5,29,7648,8.5
"LAUST290000000000004","Missouri",2023,"M04","2023 Apr",81238,16948,26.4,29,16948,26.4
"LAUST290000000000004","Missouri",2023,"M05","2023 May",96718,25282,35.4,29,25282,35.4
"LAUST290000000000004","Missouri",2023,"M06","2023 Jun",106690,31063,41.1,29,31063,41.1
"LAUST290000000000004","Missouri",2023,"M07","2023 Jul",108876,20279,22.9,29,20279,22.9
"LAUST290000000000004","Missouri",2023,"M08","2023 Aug",107632,20032,22.9,29,20032,22.9
"LAUST290000000000004","Missouri",2023,"M09","2023 Sep",85448,25570,42.7,29,25570,42.7
"LAUST290000000000004","Missouri",2023,"M10","2023 Oct",97959,22723,30.2,29,22723,30.2
"LAUST290000000000004","Missouri",2023,"M11","2023 Nov",88206,14980,20.5,29,14980,20.5
"LAUST290000000000004","Missouri",2023,"M12","2023 Dec",92698,19255,26.2,29,19255,26.2
"LAUST290000000000004","Missouri",2024,"M01","2024 Jan",120516,22983,23.6,29,22983,23.6
"LAUST290000000000004","Missouri",2024,"M02","2024 Feb",126619,26735,26.8,29,26735,26.8
"LAUST290000000000004","Missouri",2024,"M03","2024 Mar",121092,23593,24.2,29,23593,24.2
"LAUST290000000000004","Missouri",2024,"M04","2024 Apr",102624,21386,26.3,29,21386,26.3
"LAUST290000000000004","Missouri",2024,"M05","2024 May",116848,20130,20.8,29,20130,20.8
"LAUST290000000000004","Missouri",2024,"M06","2024 Jun",128847,22157,20.8,29,22157,20.8
"LAUST290000000000004","Missouri",2024,"M07","2024 Jul",139382,30506,28,29,30506,28
"LAUST290000000000004","Missouri",2024,"M08","2024 Aug",125984,18352,17.1,29,18352,17.1
"LAUST290000000000004","Missouri",2024,"M09","2024 Sep",95837,10389,12.2,29,10389,12.2
"LAUST290000000000004","Missouri",2024,"M10","2024 Oct",104527,6568,6.7,29,6568,6.7
"LAUST290000000000004","Missouri",2024,"M11","2024 Nov",105289,17083,19.4,29,17083,19.4
"LAUST290000000000004","Missouri",2024,"M12","2024 Dec",106217,13519,14.6,29,13519,14.6
"LAUST290000000000004","Missouri",2025,"M01","2025 Jan",136956,16440,13.6,29,16440,13.6
"LAUST290000000000004","Missouri",2025,"M02","2025 Feb",141848,15229,12,29,15229,12
"LAUST290000000000004","Missouri",2025,"M03","2025 Mar",137617,16525,13.6,29,16525,13.6
"LAUST290000000000004","Missouri",2025,"M04","2025 Apr",116964,14340,14,29,14340,14
"LAUST290000000000004","Missouri",2025,"M05","2025 May",125023,8175,7,29,8175,7
"LAUST290000000000004","Missouri",2025,"M06","2025 Jun",135163,6316,4.9,29,6316,4.9
"LAUST290000000000004","Missouri",2025,"M07","2025 Jul",142890,3508,2.5,29,3508,2.5
"LAUST290000000000004","Missouri",2025,"M08","2025 Aug",134677,8693,6.9,29,8693,6.9
"LAUST290000000000004","Missouri",2025,"M09","2025 Sep",109430,13593,14.2,29,13593,14.2
"LAUST290000000000004","Missouri",2025,"M10","2025 Oct",NA,NA,NA,29,NA,NA
"LAUST290000000000004","Missouri",2025,"M11","2025 Nov",107696,2407,2.3,29,2407,2.3
"LAUST290000000000004","Missouri",2025,"M12","2025 Dec",103557,-2660,-2.5,29,-2660,-2.5
"LAUST300000000000004","Montana",2023,"M01","2023 Jan",17688,-1979,-10.1,30,-1979,-10.1
"LAUST300000000000004","Montana",2023,"M02","2023 Feb",17633,-748,-4.1,30,-748,-4.1
"LAUST300000000000004","Montana",2023,"M03","2023 Mar",16994,53,0.3,30,53,0.3
"LAUST300000000000004","Montana",2023,"M04","2023 Apr",14058,-1239,-8.1,30,-1239,-8.1
"LAUST300000000000004","Montana",2023,"M05","2023 May",14327,-9,-0.1,30,-9,-0.1
"LAUST300000000000004","Montana",2023,"M06","2023 Jun",14889,-816,-5.2,30,-816,-5.2
"LAUST300000000000004","Montana",2023,"M07","2023 Jul",13844,-397,-2.8,30,-397,-2.8
"LAUST300000000000004","Montana",2023,"M08","2023 Aug",14578,332,2.3,30,332,2.3
"LAUST300000000000004","Montana",2023,"M09","2023 Sep",13575,2038,17.7,30,2038,17.7
"LAUST300000000000004","Montana",2023,"M10","2023 Oct",15068,2694,21.8,30,2694,21.8
"LAUST300000000000004","Montana",2023,"M11","2023 Nov",15588,3510,29.1,30,3510,29.1
"LAUST300000000000004","Montana",2023,"M12","2023 Dec",19237,4251,28.4,30,4251,28.4
"LAUST300000000000004","Montana",2024,"M01","2024 Jan",21061,3373,19.1,30,3373,19.1
"LAUST300000000000004","Montana",2024,"M02","2024 Feb",21280,3647,20.7,30,3647,20.7
"LAUST300000000000004","Montana",2024,"M03","2024 Mar",19752,2758,16.2,30,2758,16.2
"LAUST300000000000004","Montana",2024,"M04","2024 Apr",16742,2684,19.1,30,2684,19.1
"LAUST300000000000004","Montana",2024,"M05","2024 May",16397,2070,14.4,30,2070,14.4
"LAUST300000000000004","Montana",2024,"M06","2024 Jun",18270,3381,22.7,30,3381,22.7
"LAUST300000000000004","Montana",2024,"M07","2024 Jul",17223,3379,24.4,30,3379,24.4
"LAUST300000000000004","Montana",2024,"M08","2024 Aug",16768,2190,15,30,2190,15
"LAUST300000000000004","Montana",2024,"M09","2024 Sep",14119,544,4,30,544,4
"LAUST300000000000004","Montana",2024,"M10","2024 Oct",13707,-1361,-9,30,-1361,-9
"LAUST300000000000004","Montana",2024,"M11","2024 Nov",15062,-526,-3.4,30,-526,-3.4
"LAUST300000000000004","Montana",2024,"M12","2024 Dec",17582,-1655,-8.6,30,-1655,-8.6
"LAUST300000000000004","Montana",2025,"M01","2025 Jan",20040,-1021,-4.8,30,-1021,-4.8
"LAUST300000000000004","Montana",2025,"M02","2025 Feb",21009,-271,-1.3,30,-271,-1.3
"LAUST300000000000004","Montana",2025,"M03","2025 Mar",20054,302,1.5,30,302,1.5
"LAUST300000000000004","Montana",2025,"M04","2025 Apr",17983,1241,7.4,30,1241,7.4
"LAUST300000000000004","Montana",2025,"M05","2025 May",17465,1068,6.5,30,1068,6.5
"LAUST300000000000004","Montana",2025,"M06","2025 Jun",18467,197,1.1,30,197,1.1
"LAUST300000000000004","Montana",2025,"M07","2025 Jul",17961,738,4.3,30,738,4.3
"LAUST300000000000004","Montana",2025,"M08","2025 Aug",18443,1675,10,30,1675,10
"LAUST300000000000004","Montana",2025,"M09","2025 Sep",17657,3538,25.1,30,3538,25.1
"LAUST300000000000004","Montana",2025,"M10","2025 Oct",NA,NA,NA,30,NA,NA
"LAUST300000000000004","Montana",2025,"M11","2025 Nov",20215,5153,34.2,30,5153,34.2
"LAUST300000000000004","Montana",2025,"M12","2025 Dec",22231,4649,26.4,30,4649,26.4
"LAUST310000000000004","Nebraska",2023,"M01","2023 Jan",24672,-1551,-5.9,31,-1551,-5.9
"LAUST310000000000004","Nebraska",2023,"M02","2023 Feb",26026,1047,4.2,31,1047,4.2
"LAUST310000000000004","Nebraska",2023,"M03","2023 Mar",23835,666,2.9,31,666,2.9
"LAUST310000000000004","Nebraska",2023,"M04","2023 Apr",21069,1018,5.1,31,1018,5.1
"LAUST310000000000004","Nebraska",2023,"M05","2023 May",23714,2715,12.9,31,2715,12.9
"LAUST310000000000004","Nebraska",2023,"M06","2023 Jun",27553,900,3.4,31,900,3.4
"LAUST310000000000004","Nebraska",2023,"M07","2023 Jul",25779,115,0.4,31,115,0.4
"LAUST310000000000004","Nebraska",2023,"M08","2023 Aug",23384,-257,-1.1,31,-257,-1.1
"LAUST310000000000004","Nebraska",2023,"M09","2023 Sep",23692,2196,10.2,31,2196,10.2
"LAUST310000000000004","Nebraska",2023,"M10","2023 Oct",26286,3598,15.9,31,3598,15.9
"LAUST310000000000004","Nebraska",2023,"M11","2023 Nov",23136,1137,5.2,31,1137,5.2
"LAUST310000000000004","Nebraska",2023,"M12","2023 Dec",24727,2375,10.6,31,2375,10.6
"LAUST310000000000004","Nebraska",2024,"M01","2024 Jan",29878,5206,21.1,31,5206,21.1
"LAUST310000000000004","Nebraska",2024,"M02","2024 Feb",31652,5626,21.6,31,5626,21.6
"LAUST310000000000004","Nebraska",2024,"M03","2024 Mar",28265,4430,18.6,31,4430,18.6
"LAUST310000000000004","Nebraska",2024,"M04","2024 Apr",25430,4361,20.7,31,4361,20.7
"LAUST310000000000004","Nebraska",2024,"M05","2024 May",27712,3998,16.9,31,3998,16.9
"LAUST310000000000004","Nebraska",2024,"M06","2024 Jun",33174,5621,20.4,31,5621,20.4
"LAUST310000000000004","Nebraska",2024,"M07","2024 Jul",32473,6694,26,31,6694,26
"LAUST310000000000004","Nebraska",2024,"M08","2024 Aug",29586,6202,26.5,31,6202,26.5
"LAUST310000000000004","Nebraska",2024,"M09","2024 Sep",27191,3499,14.8,31,3499,14.8
"LAUST310000000000004","Nebraska",2024,"M10","2024 Oct",29010,2724,10.4,31,2724,10.4
"LAUST310000000000004","Nebraska",2024,"M11","2024 Nov",28491,5355,23.1,31,5355,23.1
"LAUST310000000000004","Nebraska",2024,"M12","2024 Dec",28093,3366,13.6,31,3366,13.6
"LAUST310000000000004","Nebraska",2025,"M01","2025 Jan",34540,4662,15.6,31,4662,15.6
"LAUST310000000000004","Nebraska",2025,"M02","2025 Feb",35631,3979,12.6,31,3979,12.6
"LAUST310000000000004","Nebraska",2025,"M03","2025 Mar",31789,3524,12.5,31,3524,12.5
"LAUST310000000000004","Nebraska",2025,"M04","2025 Apr",30746,5316,20.9,31,5316,20.9
"LAUST310000000000004","Nebraska",2025,"M05","2025 May",31246,3534,12.8,31,3534,12.8
"LAUST310000000000004","Nebraska",2025,"M06","2025 Jun",34776,1602,4.8,31,1602,4.8
"LAUST310000000000004","Nebraska",2025,"M07","2025 Jul",34310,1837,5.7,31,1837,5.7
"LAUST310000000000004","Nebraska",2025,"M08","2025 Aug",30858,1272,4.3,31,1272,4.3
"LAUST310000000000004","Nebraska",2025,"M09","2025 Sep",30227,3036,11.2,31,3036,11.2
"LAUST310000000000004","Nebraska",2025,"M10","2025 Oct",NA,NA,NA,31,NA,NA
"LAUST310000000000004","Nebraska",2025,"M11","2025 Nov",33230,4739,16.6,31,4739,16.6
"LAUST310000000000004","Nebraska",2025,"M12","2025 Dec",32574,4481,16,31,4481,16
"LAUST320000000000004","Nevada",2023,"M01","2023 Jan",85610,535,0.6,32,535,0.6
"LAUST320000000000004","Nevada",2023,"M02","2023 Feb",84428,3510,4.3,32,3510,4.3
"LAUST320000000000004","Nevada",2023,"M03","2023 Mar",80533,3869,5,32,3869,5
"LAUST320000000000004","Nevada",2023,"M04","2023 Apr",76445,-865,-1.1,32,-865,-1.1
"LAUST320000000000004","Nevada",2023,"M05","2023 May",82356,2482,3.1,32,2482,3.1
"LAUST320000000000004","Nevada",2023,"M06","2023 Jun",83176,-3281,-3.8,32,-3281,-3.8
"LAUST320000000000004","Nevada",2023,"M07","2023 Jul",84619,-350,-0.4,32,-350,-0.4
"LAUST320000000000004","Nevada",2023,"M08","2023 Aug",85830,-259,-0.3,32,-259,-0.3
"LAUST320000000000004","Nevada",2023,"M09","2023 Sep",84204,3659,4.5,32,3659,4.5
"LAUST320000000000004","Nevada",2023,"M10","2023 Oct",83250,1512,1.8,32,1512,1.8
"LAUST320000000000004","Nevada",2023,"M11","2023 Nov",79650,-943,-1.2,32,-943,-1.2
"LAUST320000000000004","Nevada",2023,"M12","2023 Dec",80597,2381,3,32,2381,3
"LAUST320000000000004","Nevada",2024,"M01","2024 Jan",85965,355,0.4,32,355,0.4
"LAUST320000000000004","Nevada",2024,"M02","2024 Feb",87824,3396,4,32,3396,4
"LAUST320000000000004","Nevada",2024,"M03","2024 Mar",86413,5880,7.3,32,5880,7.3
"LAUST320000000000004","Nevada",2024,"M04","2024 Apr",83208,6763,8.8,32,6763,8.8
"LAUST320000000000004","Nevada",2024,"M05","2024 May",85879,3523,4.3,32,3523,4.3
"LAUST320000000000004","Nevada",2024,"M06","2024 Jun",93058,9882,11.9,32,9882,11.9
"LAUST320000000000004","Nevada",2024,"M07","2024 Jul",97886,13267,15.7,32,13267,15.7
"LAUST320000000000004","Nevada",2024,"M08","2024 Aug",93207,7377,8.6,32,7377,8.6
"LAUST320000000000004","Nevada",2024,"M09","2024 Sep",87132,2928,3.5,32,2928,3.5
"LAUST320000000000004","Nevada",2024,"M10","2024 Oct",87759,4509,5.4,32,4509,5.4
"LAUST320000000000004","Nevada",2024,"M11","2024 Nov",87835,8185,10.3,32,8185,10.3
"LAUST320000000000004","Nevada",2024,"M12","2024 Dec",85973,5376,6.7,32,5376,6.7
"LAUST320000000000004","Nevada",2025,"M01","2025 Jan",91261,5296,6.2,32,5296,6.2
"LAUST320000000000004","Nevada",2025,"M02","2025 Feb",90100,2276,2.6,32,2276,2.6
"LAUST320000000000004","Nevada",2025,"M03","2025 Mar",86443,30,0,32,30,0
"LAUST320000000000004","Nevada",2025,"M04","2025 Apr",85102,1894,2.3,32,1894,2.3
"LAUST320000000000004","Nevada",2025,"M05","2025 May",85826,-53,-0.1,32,-53,-0.1
"LAUST320000000000004","Nevada",2025,"M06","2025 Jun",89474,-3584,-3.9,32,-3584,-3.9
"LAUST320000000000004","Nevada",2025,"M07","2025 Jul",91656,-6230,-6.4,32,-6230,-6.4
"LAUST320000000000004","Nevada",2025,"M08","2025 Aug",89080,-4127,-4.4,32,-4127,-4.4
"LAUST320000000000004","Nevada",2025,"M09","2025 Sep",89978,2846,3.3,32,2846,3.3
"LAUST320000000000004","Nevada",2025,"M10","2025 Oct",NA,NA,NA,32,NA,NA
"LAUST320000000000004","Nevada",2025,"M11","2025 Nov",87946,111,0.1,32,111,0.1
"LAUST320000000000004","Nevada",2025,"M12","2025 Dec",83679,-2294,-2.7,32,-2294,-2.7
"LAUST330000000000004","New Hampshire",2023,"M01","2023 Jan",21142,-1048,-4.7,33,-1048,-4.7
"LAUST330000000000004","New Hampshire",2023,"M02","2023 Feb",20958,763,3.8,33,763,3.8
"LAUST330000000000004","New Hampshire",2023,"M03","2023 Mar",18687,-643,-3.3,33,-643,-3.3
"LAUST330000000000004","New Hampshire",2023,"M04","2023 Apr",14699,-2151,-12.8,33,-2151,-12.8
"LAUST330000000000004","New Hampshire",2023,"M05","2023 May",15433,-371,-2.3,33,-371,-2.3
"LAUST330000000000004","New Hampshire",2023,"M06","2023 Jun",16813,-1191,-6.6,33,-1191,-6.6
"LAUST330000000000004","New Hampshire",2023,"M07","2023 Jul",17318,-1305,-7,33,-1305,-7
"LAUST330000000000004","New Hampshire",2023,"M08","2023 Aug",18550,-1937,-9.5,33,-1937,-9.5
"LAUST330000000000004","New Hampshire",2023,"M09","2023 Sep",16971,-1558,-8.4,33,-1558,-8.4
"LAUST330000000000004","New Hampshire",2023,"M10","2023 Oct",15751,-2293,-12.7,33,-2293,-12.7
"LAUST330000000000004","New Hampshire",2023,"M11","2023 Nov",16341,-1569,-8.8,33,-1569,-8.8
"LAUST330000000000004","New Hampshire",2023,"M12","2023 Dec",15620,-851,-5.2,33,-851,-5.2
"LAUST330000000000004","New Hampshire",2024,"M01","2024 Jan",19589,-1553,-7.3,33,-1553,-7.3
"LAUST330000000000004","New Hampshire",2024,"M02","2024 Feb",21335,377,1.8,33,377,1.8
"LAUST330000000000004","New Hampshire",2024,"M03","2024 Mar",20318,1631,8.7,33,1631,8.7
"LAUST330000000000004","New Hampshire",2024,"M04","2024 Apr",17096,2397,16.3,33,2397,16.3
"LAUST330000000000004","New Hampshire",2024,"M05","2024 May",16248,815,5.3,33,815,5.3
"LAUST330000000000004","New Hampshire",2024,"M06","2024 Jun",19411,2598,15.5,33,2598,15.5
"LAUST330000000000004","New Hampshire",2024,"M07","2024 Jul",22001,4683,27,33,4683,27
"LAUST330000000000004","New Hampshire",2024,"M08","2024 Aug",21653,3103,16.7,33,3103,16.7
"LAUST330000000000004","New Hampshire",2024,"M09","2024 Sep",18563,1592,9.4,33,1592,9.4
"LAUST330000000000004","New Hampshire",2024,"M10","2024 Oct",19152,3401,21.6,33,3401,21.6
"LAUST330000000000004","New Hampshire",2024,"M11","2024 Nov",21736,5395,33,33,5395,33
"LAUST330000000000004","New Hampshire",2024,"M12","2024 Dec",21001,5381,34.4,33,5381,34.4
"LAUST330000000000004","New Hampshire",2025,"M01","2025 Jan",26262,6673,34.1,33,6673,34.1
"LAUST330000000000004","New Hampshire",2025,"M02","2025 Feb",27346,6011,28.2,33,6011,28.2
"LAUST330000000000004","New Hampshire",2025,"M03","2025 Mar",26330,6012,29.6,33,6012,29.6
"LAUST330000000000004","New Hampshire",2025,"M04","2025 Apr",23173,6077,35.5,33,6077,35.5
"LAUST330000000000004","New Hampshire",2025,"M05","2025 May",22553,6305,38.8,33,6305,38.8
"LAUST330000000000004","New Hampshire",2025,"M06","2025 Jun",23774,4363,22.5,33,4363,22.5
"LAUST330000000000004","New Hampshire",2025,"M07","2025 Jul",24962,2961,13.5,33,2961,13.5
"LAUST330000000000004","New Hampshire",2025,"M08","2025 Aug",24867,3214,14.8,33,3214,14.8
"LAUST330000000000004","New Hampshire",2025,"M09","2025 Sep",23984,5421,29.2,33,5421,29.2
"LAUST330000000000004","New Hampshire",2025,"M10","2025 Oct",NA,NA,NA,33,NA,NA
"LAUST330000000000004","New Hampshire",2025,"M11","2025 Nov",25097,3361,15.5,33,3361,15.5
"LAUST330000000000004","New Hampshire",2025,"M12","2025 Dec",23607,2606,12.4,33,2606,12.4
"LAUST340000000000004","New Jersey",2023,"M01","2023 Jan",205323,-59698,-22.5,34,-59698,-22.5
"LAUST340000000000004","New Jersey",2023,"M02","2023 Feb",216583,-24480,-10.2,34,-24480,-10.2
"LAUST340000000000004","New Jersey",2023,"M03","2023 Mar",203792,-9535,-4.5,34,-9535,-4.5
"LAUST340000000000004","New Jersey",2023,"M04","2023 Apr",176195,-3581,-2,34,-3581,-2
"LAUST340000000000004","New Jersey",2023,"M05","2023 May",205085,33870,19.8,34,33870,19.8
"LAUST340000000000004","New Jersey",2023,"M06","2023 Jun",224567,44068,24.4,34,44068,24.4
"LAUST340000000000004","New Jersey",2023,"M07","2023 Jul",234759,52319,28.7,34,52319,28.7
"LAUST340000000000004","New Jersey",2023,"M08","2023 Aug",237411,72994,44.4,34,72994,44.4
"LAUST340000000000004","New Jersey",2023,"M09","2023 Sep",212834,71256,50.3,34,71256,50.3
"LAUST340000000000004","New Jersey",2023,"M10","2023 Oct",210483,55792,36.1,34,55792,36.1
"LAUST340000000000004","New Jersey",2023,"M11","2023 Nov",199662,39492,24.7,34,39492,24.7
"LAUST340000000000004","New Jersey",2023,"M12","2023 Dec",205171,38091,22.8,34,38091,22.8
"LAUST340000000000004","New Jersey",2024,"M01","2024 Jan",231822,26499,12.9,34,26499,12.9
"LAUST340000000000004","New Jersey",2024,"M02","2024 Feb",238837,22254,10.3,34,22254,10.3
"LAUST340000000000004","New Jersey",2024,"M03","2024 Mar",227522,23730,11.6,34,23730,11.6
"LAUST340000000000004","New Jersey",2024,"M04","2024 Apr",200818,24623,14,34,24623,14
"LAUST340000000000004","New Jersey",2024,"M05","2024 May",212464,7379,3.6,34,7379,3.6
"LAUST340000000000004","New Jersey",2024,"M06","2024 Jun",236613,12046,5.4,34,12046,5.4
"LAUST340000000000004","New Jersey",2024,"M07","2024 Jul",266832,32073,13.7,34,32073,13.7
"LAUST340000000000004","New Jersey",2024,"M08","2024 Aug",251008,13597,5.7,34,13597,5.7
"LAUST340000000000004","New Jersey",2024,"M09","2024 Sep",209900,-2934,-1.4,34,-2934,-1.4
"LAUST340000000000004","New Jersey",2024,"M10","2024 Oct",214818,4335,2.1,34,4335,2.1
"LAUST340000000000004","New Jersey",2024,"M11","2024 Nov",219562,19900,10,34,19900,10
"LAUST340000000000004","New Jersey",2024,"M12","2024 Dec",217342,12171,5.9,34,12171,5.9
"LAUST340000000000004","New Jersey",2025,"M01","2025 Jan",250612,18790,8.1,34,18790,8.1
"LAUST340000000000004","New Jersey",2025,"M02","2025 Feb",264022,25185,10.5,34,25185,10.5
"LAUST340000000000004","New Jersey",2025,"M03","2025 Mar",256779,29257,12.9,34,29257,12.9
"LAUST340000000000004","New Jersey",2025,"M04","2025 Apr",236353,35535,17.7,34,35535,17.7
"LAUST340000000000004","New Jersey",2025,"M05","2025 May",243583,31119,14.6,34,31119,14.6
"LAUST340000000000004","New Jersey",2025,"M06","2025 Jun",264597,27984,11.8,34,27984,11.8
"LAUST340000000000004","New Jersey",2025,"M07","2025 Jul",293160,26328,9.9,34,26328,9.9
"LAUST340000000000004","New Jersey",2025,"M08","2025 Aug",287251,36243,14.4,34,36243,14.4
"LAUST340000000000004","New Jersey",2025,"M09","2025 Sep",280318,70418,33.5,34,70418,33.5
"LAUST340000000000004","New Jersey",2025,"M10","2025 Oct",NA,NA,NA,34,NA,NA
"LAUST340000000000004","New Jersey",2025,"M11","2025 Nov",231219,11657,5.3,34,11657,5.3
"LAUST340000000000004","New Jersey",2025,"M12","2025 Dec",220585,3243,1.5,34,3243,1.5
"LAUST350000000000004","New Mexico",2023,"M01","2023 Jan",36407,-17152,-32,35,-17152,-32
"LAUST350000000000004","New Mexico",2023,"M02","2023 Feb",35768,-12285,-25.6,35,-12285,-25.6
"LAUST350000000000004","New Mexico",2023,"M03","2023 Mar",30534,-10495,-25.6,35,-10495,-25.6
"LAUST350000000000004","New Mexico",2023,"M04","2023 Apr",29540,-8783,-22.9,35,-8783,-22.9
"LAUST350000000000004","New Mexico",2023,"M05","2023 May",33358,-3973,-10.6,35,-3973,-10.6
"LAUST350000000000004","New Mexico",2023,"M06","2023 Jun",40967,-3229,-7.3,35,-3229,-7.3
"LAUST350000000000004","New Mexico",2023,"M07","2023 Jul",44315,1739,4.1,35,1739,4.1
"LAUST350000000000004","New Mexico",2023,"M08","2023 Aug",37872,3584,10.5,35,3584,10.5
"LAUST350000000000004","New Mexico",2023,"M09","2023 Sep",34653,2945,9.3,35,2945,9.3
"LAUST350000000000004","New Mexico",2023,"M10","2023 Oct",34686,3856,12.5,35,3856,12.5
"LAUST350000000000004","New Mexico",2023,"M11","2023 Nov",35471,3580,11.2,35,3580,11.2
"LAUST350000000000004","New Mexico",2023,"M12","2023 Dec",32856,3579,12.2,35,3579,12.2
"LAUST350000000000004","New Mexico",2024,"M01","2024 Jan",37611,1204,3.3,35,1204,3.3
"LAUST350000000000004","New Mexico",2024,"M02","2024 Feb",37571,1803,5,35,1803,5
"LAUST350000000000004","New Mexico",2024,"M03","2024 Mar",34261,3727,12.2,35,3727,12.2
"LAUST350000000000004","New Mexico",2024,"M04","2024 Apr",34138,4598,15.6,35,4598,15.6
"LAUST350000000000004","New Mexico",2024,"M05","2024 May",37740,4382,13.1,35,4382,13.1
"LAUST350000000000004","New Mexico",2024,"M06","2024 Jun",47280,6313,15.4,35,6313,15.4
"LAUST350000000000004","New Mexico",2024,"M07","2024 Jul",53403,9088,20.5,35,9088,20.5
"LAUST350000000000004","New Mexico",2024,"M08","2024 Aug",43668,5796,15.3,35,5796,15.3
"LAUST350000000000004","New Mexico",2024,"M09","2024 Sep",39093,4440,12.8,35,4440,12.8
"LAUST350000000000004","New Mexico",2024,"M10","2024 Oct",39631,4945,14.3,35,4945,14.3
"LAUST350000000000004","New Mexico",2024,"M11","2024 Nov",41166,5695,16.1,35,5695,16.1
"LAUST350000000000004","New Mexico",2024,"M12","2024 Dec",36586,3730,11.4,35,3730,11.4
"LAUST350000000000004","New Mexico",2025,"M01","2025 Jan",42196,4585,12.2,35,4585,12.2
"LAUST350000000000004","New Mexico",2025,"M02","2025 Feb",40937,3366,9,35,3366,9
"LAUST350000000000004","New Mexico",2025,"M03","2025 Mar",36282,2021,5.9,35,2021,5.9
"LAUST350000000000004","New Mexico",2025,"M04","2025 Apr",35331,1193,3.5,35,1193,3.5
"LAUST350000000000004","New Mexico",2025,"M05","2025 May",37832,92,0.2,35,92,0.2
"LAUST350000000000004","New Mexico",2025,"M06","2025 Jun",45617,-1663,-3.5,35,-1663,-3.5
"LAUST350000000000004","New Mexico",2025,"M07","2025 Jul",50132,-3271,-6.1,35,-3271,-6.1
"LAUST350000000000004","New Mexico",2025,"M08","2025 Aug",41224,-2444,-5.6,35,-2444,-5.6
"LAUST350000000000004","New Mexico",2025,"M09","2025 Sep",39468,375,1,35,375,1
"LAUST350000000000004","New Mexico",2025,"M10","2025 Oct",NA,NA,NA,35,NA,NA
"LAUST350000000000004","New Mexico",2025,"M11","2025 Nov",46710,5544,13.5,35,5544,13.5
"LAUST350000000000004","New Mexico",2025,"M12","2025 Dec",41144,4558,12.5,35,4558,12.5
"LAUST360000000000004","New York",2023,"M01","2023 Jan",425279,-112123,-20.9,36,-112123,-20.9
"LAUST360000000000004","New York",2023,"M02","2023 Feb",435328,-81360,-15.7,36,-81360,-15.7
"LAUST360000000000004","New York",2023,"M03","2023 Mar",396215,-64246,-14,36,-64246,-14
"LAUST360000000000004","New York",2023,"M04","2023 Apr",342785,-59860,-14.9,36,-59860,-14.9
"LAUST360000000000004","New York",2023,"M05","2023 May",363766,-18855,-4.9,36,-18855,-4.9
"LAUST360000000000004","New York",2023,"M06","2023 Jun",391364,-17255,-4.2,36,-17255,-4.2
"LAUST360000000000004","New York",2023,"M07","2023 Jul",410174,-16886,-4,36,-16886,-4
"LAUST360000000000004","New York",2023,"M08","2023 Aug",437718,16385,3.9,36,16385,3.9
"LAUST360000000000004","New York",2023,"M09","2023 Sep",389079,40650,11.7,36,40650,11.7
"LAUST360000000000004","New York",2023,"M10","2023 Oct",407100,49434,13.8,36,49434,13.8
"LAUST360000000000004","New York",2023,"M11","2023 Nov",378799,16169,4.5,36,16169,4.5
"LAUST360000000000004","New York",2023,"M12","2023 Dec",391649,23909,6.5,36,23909,6.5
"LAUST360000000000004","New York",2024,"M01","2024 Jan",424654,-625,-0.1,36,-625,-0.1
"LAUST360000000000004","New York",2024,"M02","2024 Feb",446971,11643,2.7,36,11643,2.7
"LAUST360000000000004","New York",2024,"M03","2024 Mar",417237,21022,5.3,36,21022,5.3
"LAUST360000000000004","New York",2024,"M04","2024 Apr",373855,31070,9.1,36,31070,9.1
"LAUST360000000000004","New York",2024,"M05","2024 May",382309,18543,5.1,36,18543,5.1
"LAUST360000000000004","New York",2024,"M06","2024 Jun",418177,26813,6.9,36,26813,6.9
"LAUST360000000000004","New York",2024,"M07","2024 Jul",474503,64329,15.7,36,64329,15.7
"LAUST360000000000004","New York",2024,"M08","2024 Aug",466502,28784,6.6,36,28784,6.6
"LAUST360000000000004","New York",2024,"M09","2024 Sep",384960,-4119,-1.1,36,-4119,-1.1
"LAUST360000000000004","New York",2024,"M10","2024 Oct",394951,-12149,-3,36,-12149,-3
"LAUST360000000000004","New York",2024,"M11","2024 Nov",394019,15220,4,36,15220,4
"LAUST360000000000004","New York",2024,"M12","2024 Dec",384601,-7048,-1.8,36,-7048,-1.8
"LAUST360000000000004","New York",2025,"M01","2025 Jan",427415,2761,0.7,36,2761,0.7
"LAUST360000000000004","New York",2025,"M02","2025 Feb",435815,-11156,-2.5,36,-11156,-2.5
"LAUST360000000000004","New York",2025,"M03","2025 Mar",413798,-3439,-0.8,36,-3439,-0.8
"LAUST360000000000004","New York",2025,"M04","2025 Apr",374948,1093,0.3,36,1093,0.3
"LAUST360000000000004","New York",2025,"M05","2025 May",376762,-5547,-1.5,36,-5547,-1.5
"LAUST360000000000004","New York",2025,"M06","2025 Jun",416189,-1988,-0.5,36,-1988,-0.5
"LAUST360000000000004","New York",2025,"M07","2025 Jul",480657,6154,1.3,36,6154,1.3
"LAUST360000000000004","New York",2025,"M08","2025 Aug",490640,24138,5.2,36,24138,5.2
"LAUST360000000000004","New York",2025,"M09","2025 Sep",469898,84938,22.1,36,84938,22.1
"LAUST360000000000004","New York",2025,"M10","2025 Oct",NA,NA,NA,36,NA,NA
"LAUST360000000000004","New York",2025,"M11","2025 Nov",449057,55038,14,36,55038,14
"LAUST360000000000004","New York",2025,"M12","2025 Dec",436351,51750,13.5,36,51750,13.5
"LAUST370000000000004","North Carolina",2023,"M01","2023 Jan",196673,-13993,-6.6,37,-13993,-6.6
"LAUST370000000000004","North Carolina",2023,"M02","2023 Feb",197488,-2928,-1.5,37,-2928,-1.5
"LAUST370000000000004","North Carolina",2023,"M03","2023 Mar",186779,-886,-0.5,37,-886,-0.5
"LAUST370000000000004","North Carolina",2023,"M04","2023 Apr",158423,-12429,-7.3,37,-12429,-7.3
"LAUST370000000000004","North Carolina",2023,"M05","2023 May",180786,-2688,-1.5,37,-2688,-1.5
"LAUST370000000000004","North Carolina",2023,"M06","2023 Jun",193933,-12254,-5.9,37,-12254,-5.9
"LAUST370000000000004","North Carolina",2023,"M07","2023 Jul",192426,-11274,-5.5,37,-11274,-5.5
"LAUST370000000000004","North Carolina",2023,"M08","2023 Aug",198963,-12990,-6.1,37,-12990,-6.1
"LAUST370000000000004","North Carolina",2023,"M09","2023 Sep",171152,-5045,-2.9,37,-5045,-2.9
"LAUST370000000000004","North Carolina",2023,"M10","2023 Oct",181599,-10382,-5.4,37,-10382,-5.4
"LAUST370000000000004","North Carolina",2023,"M11","2023 Nov",180229,-7944,-4.2,37,-7944,-4.2
"LAUST370000000000004","North Carolina",2023,"M12","2023 Dec",171340,3582,2.1,37,3582,2.1
"LAUST370000000000004","North Carolina",2024,"M01","2024 Jan",196006,-667,-0.3,37,-667,-0.3
"LAUST370000000000004","North Carolina",2024,"M02","2024 Feb",200658,3170,1.6,37,3170,1.6
"LAUST370000000000004","North Carolina",2024,"M03","2024 Mar",191918,5139,2.8,37,5139,2.8
"LAUST370000000000004","North Carolina",2024,"M04","2024 Apr",169219,10796,6.8,37,10796,6.8
"LAUST370000000000004","North Carolina",2024,"M05","2024 May",184306,3520,1.9,37,3520,1.9
"LAUST370000000000004","North Carolina",2024,"M06","2024 Jun",206950,13017,6.7,37,13017,6.7
"LAUST370000000000004","North Carolina",2024,"M07","2024 Jul",217240,24814,12.9,37,24814,12.9
"LAUST370000000000004","North Carolina",2024,"M08","2024 Aug",210177,11214,5.6,37,11214,5.6
"LAUST370000000000004","North Carolina",2024,"M09","2024 Sep",172719,1567,0.9,37,1567,0.9
"LAUST370000000000004","North Carolina",2024,"M10","2024 Oct",191916,10317,5.7,37,10317,5.7
"LAUST370000000000004","North Carolina",2024,"M11","2024 Nov",199588,19359,10.7,37,19359,10.7
"LAUST370000000000004","North Carolina",2024,"M12","2024 Dec",182435,11095,6.5,37,11095,6.5
"LAUST370000000000004","North Carolina",2025,"M01","2025 Jan",210636,14630,7.5,37,14630,7.5
"LAUST370000000000004","North Carolina",2025,"M02","2025 Feb",210069,9411,4.7,37,9411,4.7
"LAUST370000000000004","North Carolina",2025,"M03","2025 Mar",202146,10228,5.3,37,10228,5.3
"LAUST370000000000004","North Carolina",2025,"M04","2025 Apr",183541,14322,8.5,37,14322,8.5
"LAUST370000000000004","North Carolina",2025,"M05","2025 May",197650,13344,7.2,37,13344,7.2
"LAUST370000000000004","North Carolina",2025,"M06","2025 Jun",211069,4119,2,37,4119,2
"LAUST370000000000004","North Carolina",2025,"M07","2025 Jul",218316,1076,0.5,37,1076,0.5
"LAUST370000000000004","North Carolina",2025,"M08","2025 Aug",219127,8950,4.3,37,8950,4.3
"LAUST370000000000004","North Carolina",2025,"M09","2025 Sep",196793,24074,13.9,37,24074,13.9
"LAUST370000000000004","North Carolina",2025,"M10","2025 Oct",NA,NA,NA,37,NA,NA
"LAUST370000000000004","North Carolina",2025,"M11","2025 Nov",201884,2296,1.2,37,2296,1.2
"LAUST370000000000004","North Carolina",2025,"M12","2025 Dec",179813,-2622,-1.4,37,-2622,-1.4
"LAUST380000000000004","North Dakota",2023,"M01","2023 Jan",10505,-1130,-9.7,38,-1130,-9.7
"LAUST380000000000004","North Dakota",2023,"M02","2023 Feb",10697,-305,-2.8,38,-305,-2.8
"LAUST380000000000004","North Dakota",2023,"M03","2023 Mar",10640,-669,-5.9,38,-669,-5.9
"LAUST380000000000004","North Dakota",2023,"M04","2023 Apr",8805,-102,-1.1,38,-102,-1.1
"LAUST380000000000004","North Dakota",2023,"M05","2023 May",7711,96,1.3,38,96,1.3
"LAUST380000000000004","North Dakota",2023,"M06","2023 Jun",9688,-368,-3.7,38,-368,-3.7
"LAUST380000000000004","North Dakota",2023,"M07","2023 Jul",7597,-556,-6.8,38,-556,-6.8
"LAUST380000000000004","North Dakota",2023,"M08","2023 Aug",8032,-797,-9,38,-797,-9
"LAUST380000000000004","North Dakota",2023,"M09","2023 Sep",6966,333,5,38,333,5
"LAUST380000000000004","North Dakota",2023,"M10","2023 Oct",6764,435,6.9,38,435,6.9
"LAUST380000000000004","North Dakota",2023,"M11","2023 Nov",7070,-14,-0.2,38,-14,-0.2
"LAUST380000000000004","North Dakota",2023,"M12","2023 Dec",8375,66,0.8,38,66,0.8
"LAUST380000000000004","North Dakota",2024,"M01","2024 Jan",11478,973,9.3,38,973,9.3
"LAUST380000000000004","North Dakota",2024,"M02","2024 Feb",11852,1155,10.8,38,1155,10.8
"LAUST380000000000004","North Dakota",2024,"M03","2024 Mar",11826,1186,11.1,38,1186,11.1
"LAUST380000000000004","North Dakota",2024,"M04","2024 Apr",9747,942,10.7,38,942,10.7
"LAUST380000000000004","North Dakota",2024,"M05","2024 May",8760,1049,13.6,38,1049,13.6
"LAUST380000000000004","North Dakota",2024,"M06","2024 Jun",11772,2084,21.5,38,2084,21.5
"LAUST380000000000004","North Dakota",2024,"M07","2024 Jul",11412,3815,50.2,38,3815,50.2
"LAUST380000000000004","North Dakota",2024,"M08","2024 Aug",10353,2321,28.9,38,2321,28.9
"LAUST380000000000004","North Dakota",2024,"M09","2024 Sep",8180,1214,17.4,38,1214,17.4
"LAUST380000000000004","North Dakota",2024,"M10","2024 Oct",7959,1195,17.7,38,1195,17.7
"LAUST380000000000004","North Dakota",2024,"M11","2024 Nov",9290,2220,31.4,38,2220,31.4
"LAUST380000000000004","North Dakota",2024,"M12","2024 Dec",10362,1987,23.7,38,1987,23.7
"LAUST380000000000004","North Dakota",2025,"M01","2025 Jan",13027,1549,13.5,38,1549,13.5
"LAUST380000000000004","North Dakota",2025,"M02","2025 Feb",13552,1700,14.3,38,1700,14.3
"LAUST380000000000004","North Dakota",2025,"M03","2025 Mar",13237,1411,11.9,38,1411,11.9
"LAUST380000000000004","North Dakota",2025,"M04","2025 Apr",11256,1509,15.5,38,1509,15.5
"LAUST380000000000004","North Dakota",2025,"M05","2025 May",9755,995,11.4,38,995,11.4
"LAUST380000000000004","North Dakota",2025,"M06","2025 Jun",12282,510,4.3,38,510,4.3
"LAUST380000000000004","North Dakota",2025,"M07","2025 Jul",11506,94,0.8,38,94,0.8
"LAUST380000000000004","North Dakota",2025,"M08","2025 Aug",10884,531,5.1,38,531,5.1
"LAUST380000000000004","North Dakota",2025,"M09","2025 Sep",9266,1086,13.3,38,1086,13.3
"LAUST380000000000004","North Dakota",2025,"M10","2025 Oct",NA,NA,NA,38,NA,NA
"LAUST380000000000004","North Dakota",2025,"M11","2025 Nov",9526,236,2.5,38,236,2.5
"LAUST380000000000004","North Dakota",2025,"M12","2025 Dec",10757,395,3.8,38,395,3.8
"LAUST390000000000004","Ohio",2023,"M01","2023 Jan",243387,-21546,-8.1,39,-21546,-8.1
"LAUST390000000000004","Ohio",2023,"M02","2023 Feb",246356,-15019,-5.7,39,-15019,-5.7
"LAUST390000000000004","Ohio",2023,"M03","2023 Mar",227115,-12745,-5.3,39,-12745,-5.3
"LAUST390000000000004","Ohio",2023,"M04","2023 Apr",183861,-26135,-12.4,39,-26135,-12.4
"LAUST390000000000004","Ohio",2023,"M05","2023 May",196879,-12932,-6.2,39,-12932,-6.2
"LAUST390000000000004","Ohio",2023,"M06","2023 Jun",224523,-31637,-12.4,39,-31637,-12.4
"LAUST390000000000004","Ohio",2023,"M07","2023 Jul",214798,-35710,-14.3,39,-35710,-14.3
"LAUST390000000000004","Ohio",2023,"M08","2023 Aug",219448,-23322,-9.6,39,-23322,-9.6
"LAUST390000000000004","Ohio",2023,"M09","2023 Sep",208435,-8228,-3.8,39,-8228,-3.8
"LAUST390000000000004","Ohio",2023,"M10","2023 Oct",204119,-7837,-3.7,39,-7837,-3.7
"LAUST390000000000004","Ohio",2023,"M11","2023 Nov",190882,-3817,-2,39,-3817,-2
"LAUST390000000000004","Ohio",2023,"M12","2023 Dec",201475,3351,1.7,39,3351,1.7
"LAUST390000000000004","Ohio",2024,"M01","2024 Jan",259391,16004,6.6,39,16004,6.6
"LAUST390000000000004","Ohio",2024,"M02","2024 Feb",270140,23784,9.7,39,23784,9.7
"LAUST390000000000004","Ohio",2024,"M03","2024 Mar",260790,33675,14.8,39,33675,14.8
"LAUST390000000000004","Ohio",2024,"M04","2024 Apr",234860,50999,27.7,39,50999,27.7
"LAUST390000000000004","Ohio",2024,"M05","2024 May",244788,47909,24.3,39,47909,24.3
"LAUST390000000000004","Ohio",2024,"M06","2024 Jun",282189,57666,25.7,39,57666,25.7
"LAUST390000000000004","Ohio",2024,"M07","2024 Jul",286494,71696,33.4,39,71696,33.4
"LAUST390000000000004","Ohio",2024,"M08","2024 Aug",260017,40569,18.5,39,40569,18.5
"LAUST390000000000004","Ohio",2024,"M09","2024 Sep",246855,38420,18.4,39,38420,18.4
"LAUST390000000000004","Ohio",2024,"M10","2024 Oct",238188,34069,16.7,39,34069,16.7
"LAUST390000000000004","Ohio",2024,"M11","2024 Nov",256602,65720,34.4,39,65720,34.4
"LAUST390000000000004","Ohio",2024,"M12","2024 Dec",263105,61630,30.6,39,61630,30.6
"LAUST390000000000004","Ohio",2025,"M01","2025 Jan",320251,60860,23.5,39,60860,23.5
"LAUST390000000000004","Ohio",2025,"M02","2025 Feb",324156,54016,20,39,54016,20
"LAUST390000000000004","Ohio",2025,"M03","2025 Mar",305932,45142,17.3,39,45142,17.3
"LAUST390000000000004","Ohio",2025,"M04","2025 Apr",274878,40018,17,39,40018,17
"LAUST390000000000004","Ohio",2025,"M05","2025 May",265696,20908,8.5,39,20908,8.5
"LAUST390000000000004","Ohio",2025,"M06","2025 Jun",287656,5467,1.9,39,5467,1.9
"LAUST390000000000004","Ohio",2025,"M07","2025 Jul",291869,5375,1.9,39,5375,1.9
"LAUST390000000000004","Ohio",2025,"M08","2025 Aug",260844,827,0.3,39,827,0.3
"LAUST390000000000004","Ohio",2025,"M09","2025 Sep",238838,-8017,-3.2,39,-8017,-3.2
"LAUST390000000000004","Ohio",2025,"M10","2025 Oct",NA,NA,NA,39,NA,NA
"LAUST390000000000004","Ohio",2025,"M11","2025 Nov",236358,-20244,-7.9,39,-20244,-7.9
"LAUST390000000000004","Ohio",2025,"M12","2025 Dec",234631,-28474,-10.8,39,-28474,-10.8
"LAUST400000000000004","Oklahoma",2023,"M01","2023 Jan",61983,890,1.5,40,890,1.5
"LAUST400000000000004","Oklahoma",2023,"M02","2023 Feb",63356,2682,4.4,40,2682,4.4
"LAUST400000000000004","Oklahoma",2023,"M03","2023 Mar",56844,3089,5.7,40,3089,5.7
"LAUST400000000000004","Oklahoma",2023,"M04","2023 Apr",46644,-923,-1.9,40,-923,-1.9
"LAUST400000000000004","Oklahoma",2023,"M05","2023 May",60066,4226,7.6,40,4226,7.6
"LAUST400000000000004","Oklahoma",2023,"M06","2023 Jun",65104,1149,1.8,40,1149,1.8
"LAUST400000000000004","Oklahoma",2023,"M07","2023 Jul",62122,2311,3.9,40,2311,3.9
"LAUST400000000000004","Oklahoma",2023,"M08","2023 Aug",67208,3748,5.9,40,3748,5.9
"LAUST400000000000004","Oklahoma",2023,"M09","2023 Sep",65908,8351,14.5,40,8351,14.5
"LAUST400000000000004","Oklahoma",2023,"M10","2023 Oct",66639,8131,13.9,40,8131,13.9
"LAUST400000000000004","Oklahoma",2023,"M11","2023 Nov",63544,8113,14.6,40,8113,14.6
"LAUST400000000000004","Oklahoma",2023,"M12","2023 Dec",62583,10705,20.6,40,10705,20.6
"LAUST400000000000004","Oklahoma",2024,"M01","2024 Jan",71385,9402,15.2,40,9402,15.2
"LAUST400000000000004","Oklahoma",2024,"M02","2024 Feb",72388,9032,14.3,40,9032,14.3
"LAUST400000000000004","Oklahoma",2024,"M03","2024 Mar",61874,5030,8.8,40,5030,8.8
"LAUST400000000000004","Oklahoma",2024,"M04","2024 Apr",54256,7612,16.3,40,7612,16.3
"LAUST400000000000004","Oklahoma",2024,"M05","2024 May",63121,3055,5.1,40,3055,5.1
"LAUST400000000000004","Oklahoma",2024,"M06","2024 Jun",70234,5130,7.9,40,5130,7.9
"LAUST400000000000004","Oklahoma",2024,"M07","2024 Jul",69359,7237,11.6,40,7237,11.6
"LAUST400000000000004","Oklahoma",2024,"M08","2024 Aug",66029,-1179,-1.8,40,-1179,-1.8
"LAUST400000000000004","Oklahoma",2024,"M09","2024 Sep",60716,-5192,-7.9,40,-5192,-7.9
"LAUST400000000000004","Oklahoma",2024,"M10","2024 Oct",60533,-6106,-9.2,40,-6106,-9.2
"LAUST400000000000004","Oklahoma",2024,"M11","2024 Nov",61120,-2424,-3.8,40,-2424,-3.8
"LAUST400000000000004","Oklahoma",2024,"M12","2024 Dec",57573,-5010,-8,40,-5010,-8
"LAUST400000000000004","Oklahoma",2025,"M01","2025 Jan",66195,-5190,-7.3,40,-5190,-7.3
"LAUST400000000000004","Oklahoma",2025,"M02","2025 Feb",67324,-5064,-7,40,-5064,-7
"LAUST400000000000004","Oklahoma",2025,"M03","2025 Mar",60051,-1823,-2.9,40,-1823,-2.9
"LAUST400000000000004","Oklahoma",2025,"M04","2025 Apr",52400,-1856,-3.4,40,-1856,-3.4
"LAUST400000000000004","Oklahoma",2025,"M05","2025 May",62630,-491,-0.8,40,-491,-0.8
"LAUST400000000000004","Oklahoma",2025,"M06","2025 Jun",69527,-707,-1,40,-707,-1
"LAUST400000000000004","Oklahoma",2025,"M07","2025 Jul",68977,-382,-0.6,40,-382,-0.6
"LAUST400000000000004","Oklahoma",2025,"M08","2025 Aug",71151,5122,7.8,40,5122,7.8
"LAUST400000000000004","Oklahoma",2025,"M09","2025 Sep",71715,10999,18.1,40,10999,18.1
"LAUST400000000000004","Oklahoma",2025,"M10","2025 Oct",NA,NA,NA,40,NA,NA
"LAUST400000000000004","Oklahoma",2025,"M11","2025 Nov",83203,22083,36.1,40,22083,36.1
"LAUST400000000000004","Oklahoma",2025,"M12","2025 Dec",76268,18695,32.5,40,18695,32.5
"LAUST410000000000004","Oregon",2023,"M01","2023 Jan",97617,-3080,-3.1,41,-3080,-3.1
"LAUST410000000000004","Oregon",2023,"M02","2023 Feb",89532,-682,-0.8,41,-682,-0.8
"LAUST410000000000004","Oregon",2023,"M03","2023 Mar",82110,-6337,-7.2,41,-6337,-7.2
"LAUST410000000000004","Oregon",2023,"M04","2023 Apr",64694,-10422,-13.9,41,-10422,-13.9
"LAUST410000000000004","Oregon",2023,"M05","2023 May",73261,905,1.3,41,905,1.3
"LAUST410000000000004","Oregon",2023,"M06","2023 Jun",80902,-3059,-3.6,41,-3059,-3.6
"LAUST410000000000004","Oregon",2023,"M07","2023 Jul",86068,-5034,-5.5,41,-5034,-5.5
"LAUST410000000000004","Oregon",2023,"M08","2023 Aug",87351,-6388,-6.8,41,-6388,-6.8
"LAUST410000000000004","Oregon",2023,"M09","2023 Sep",80560,-3543,-4.2,41,-3543,-4.2
"LAUST410000000000004","Oregon",2023,"M10","2023 Oct",78280,-4588,-5.5,41,-4588,-5.5
"LAUST410000000000004","Oregon",2023,"M11","2023 Nov",78290,-4382,-5.3,41,-4382,-5.3
"LAUST410000000000004","Oregon",2023,"M12","2023 Dec",87508,3283,3.9,41,3283,3.9
"LAUST410000000000004","Oregon",2024,"M01","2024 Jan",104193,6576,6.7,41,6576,6.7
"LAUST410000000000004","Oregon",2024,"M02","2024 Feb",100948,11416,12.8,41,11416,12.8
"LAUST410000000000004","Oregon",2024,"M03","2024 Mar",97005,14895,18.1,41,14895,18.1
"LAUST410000000000004","Oregon",2024,"M04","2024 Apr",80258,15564,24.1,41,15564,24.1
"LAUST410000000000004","Oregon",2024,"M05","2024 May",81731,8470,11.6,41,8470,11.6
"LAUST410000000000004","Oregon",2024,"M06","2024 Jun",90930,10028,12.4,41,10028,12.4
"LAUST410000000000004","Oregon",2024,"M07","2024 Jul",102880,16812,19.5,41,16812,19.5
"LAUST410000000000004","Oregon",2024,"M08","2024 Aug",99346,11995,13.7,41,11995,13.7
"LAUST410000000000004","Oregon",2024,"M09","2024 Sep",90857,10297,12.8,41,10297,12.8
"LAUST410000000000004","Oregon",2024,"M10","2024 Oct",90290,12010,15.3,41,12010,15.3
"LAUST410000000000004","Oregon",2024,"M11","2024 Nov",93121,14831,18.9,41,14831,18.9
"LAUST410000000000004","Oregon",2024,"M12","2024 Dec",100304,12796,14.6,41,12796,14.6
"LAUST410000000000004","Oregon",2025,"M01","2025 Jan",120155,15962,15.3,41,15962,15.3
"LAUST410000000000004","Oregon",2025,"M02","2025 Feb",117024,16076,15.9,41,16076,15.9
"LAUST410000000000004","Oregon",2025,"M03","2025 Mar",116510,19505,20.1,41,19505,20.1
"LAUST410000000000004","Oregon",2025,"M04","2025 Apr",100576,20318,25.3,41,20318,25.3
"LAUST410000000000004","Oregon",2025,"M05","2025 May",106166,24435,29.9,41,24435,29.9
"LAUST410000000000004","Oregon",2025,"M06","2025 Jun",114513,23583,25.9,41,23583,25.9
"LAUST410000000000004","Oregon",2025,"M07","2025 Jul",123442,20562,20,41,20562,20
"LAUST410000000000004","Oregon",2025,"M08","2025 Aug",122862,23516,23.7,41,23516,23.7
"LAUST410000000000004","Oregon",2025,"M09","2025 Sep",117300,26443,29.1,41,26443,29.1
"LAUST410000000000004","Oregon",2025,"M10","2025 Oct",NA,NA,NA,41,NA,NA
"LAUST410000000000004","Oregon",2025,"M11","2025 Nov",110592,17471,18.8,41,17471,18.8
"LAUST410000000000004","Oregon",2025,"M12","2025 Dec",111721,11417,11.4,41,11417,11.4
"LAUST420000000000004","Pennsylvania",2023,"M01","2023 Jan",270262,-39209,-12.7,42,-39209,-12.7
"LAUST420000000000004","Pennsylvania",2023,"M02","2023 Feb",273374,-19484,-6.7,42,-19484,-6.7
"LAUST420000000000004","Pennsylvania",2023,"M03","2023 Mar",243054,-28703,-10.6,42,-28703,-10.6
"LAUST420000000000004","Pennsylvania",2023,"M04","2023 Apr",200013,-46411,-18.8,42,-46411,-18.8
"LAUST420000000000004","Pennsylvania",2023,"M05","2023 May",223523,-37110,-14.2,42,-37110,-14.2
"LAUST420000000000004","Pennsylvania",2023,"M06","2023 Jun",252352,-47041,-15.7,42,-47041,-15.7
"LAUST420000000000004","Pennsylvania",2023,"M07","2023 Jul",257930,-43799,-14.5,42,-43799,-14.5
"LAUST420000000000004","Pennsylvania",2023,"M08","2023 Aug",291149,-36516,-11.1,42,-36516,-11.1
"LAUST420000000000004","Pennsylvania",2023,"M09","2023 Sep",220698,-14391,-6.1,42,-14391,-6.1
"LAUST420000000000004","Pennsylvania",2023,"M10","2023 Oct",229716,-12241,-5.1,42,-12241,-5.1
"LAUST420000000000004","Pennsylvania",2023,"M11","2023 Nov",211371,-16504,-7.2,42,-16504,-7.2
"LAUST420000000000004","Pennsylvania",2023,"M12","2023 Dec",216855,-4239,-1.9,42,-4239,-1.9
"LAUST420000000000004","Pennsylvania",2024,"M01","2024 Jan",258172,-12090,-4.5,42,-12090,-4.5
"LAUST420000000000004","Pennsylvania",2024,"M02","2024 Feb",268381,-4993,-1.8,42,-4993,-1.8
"LAUST420000000000004","Pennsylvania",2024,"M03","2024 Mar",243836,782,0.3,42,782,0.3
"LAUST420000000000004","Pennsylvania",2024,"M04","2024 Apr",209444,9431,4.7,42,9431,4.7
"LAUST420000000000004","Pennsylvania",2024,"M05","2024 May",227137,3614,1.6,42,3614,1.6
"LAUST420000000000004","Pennsylvania",2024,"M06","2024 Jun",269078,16726,6.6,42,16726,6.6
"LAUST420000000000004","Pennsylvania",2024,"M07","2024 Jul",294277,36347,14.1,42,36347,14.1
"LAUST420000000000004","Pennsylvania",2024,"M08","2024 Aug",304085,12936,4.4,42,12936,4.4
"LAUST420000000000004","Pennsylvania",2024,"M09","2024 Sep",227072,6374,2.9,42,6374,2.9
"LAUST420000000000004","Pennsylvania",2024,"M10","2024 Oct",241027,11311,4.9,42,11311,4.9
"LAUST420000000000004","Pennsylvania",2024,"M11","2024 Nov",232152,20781,9.8,42,20781,9.8
"LAUST420000000000004","Pennsylvania",2024,"M12","2024 Dec",232958,16103,7.4,42,16103,7.4
"LAUST420000000000004","Pennsylvania",2025,"M01","2025 Jan",288536,30364,11.8,42,30364,11.8
"LAUST420000000000004","Pennsylvania",2025,"M02","2025 Feb",290730,22349,8.3,42,22349,8.3
"LAUST420000000000004","Pennsylvania",2025,"M03","2025 Mar",269562,25726,10.6,42,25726,10.6
"LAUST420000000000004","Pennsylvania",2025,"M04","2025 Apr",240585,31141,14.9,42,31141,14.9
"LAUST420000000000004","Pennsylvania",2025,"M05","2025 May",258799,31662,13.9,42,31662,13.9
"LAUST420000000000004","Pennsylvania",2025,"M06","2025 Jun",292266,23188,8.6,42,23188,8.6
"LAUST420000000000004","Pennsylvania",2025,"M07","2025 Jul",313901,19624,6.7,42,19624,6.7
"LAUST420000000000004","Pennsylvania",2025,"M08","2025 Aug",340095,36010,11.8,42,36010,11.8
"LAUST420000000000004","Pennsylvania",2025,"M09","2025 Sep",283068,55996,24.7,42,55996,24.7
"LAUST420000000000004","Pennsylvania",2025,"M10","2025 Oct",NA,NA,NA,42,NA,NA
"LAUST420000000000004","Pennsylvania",2025,"M11","2025 Nov",256651,24499,10.6,42,24499,10.6
"LAUST420000000000004","Pennsylvania",2025,"M12","2025 Dec",243431,10473,4.5,42,10473,4.5
"LAUST440000000000004","Rhode Island",2023,"M01","2023 Jan",20101,-4762,-19.2,44,-4762,-19.2
"LAUST440000000000004","Rhode Island",2023,"M02","2023 Feb",21905,-2462,-10.1,44,-2462,-10.1
"LAUST440000000000004","Rhode Island",2023,"M03","2023 Mar",17445,-1404,-7.4,44,-1404,-7.4
"LAUST440000000000004","Rhode Island",2023,"M04","2023 Apr",13233,-2696,-16.9,44,-2696,-16.9
"LAUST440000000000004","Rhode Island",2023,"M05","2023 May",14433,-2667,-15.6,44,-2667,-15.6
"LAUST440000000000004","Rhode Island",2023,"M06","2023 Jun",14756,-2956,-16.7,44,-2956,-16.7
"LAUST440000000000004","Rhode Island",2023,"M07","2023 Jul",15068,-3844,-20.3,44,-3844,-20.3
"LAUST440000000000004","Rhode Island",2023,"M08","2023 Aug",18804,-3880,-17.1,44,-3880,-17.1
"LAUST440000000000004","Rhode Island",2023,"M09","2023 Sep",15414,-1405,-8.4,44,-1405,-8.4
"LAUST440000000000004","Rhode Island",2023,"M10","2023 Oct",17523,1316,8.1,44,1316,8.1
"LAUST440000000000004","Rhode Island",2023,"M11","2023 Nov",19259,2849,17.4,44,2849,17.4
"LAUST440000000000004","Rhode Island",2023,"M12","2023 Dec",19950,6560,49,44,6560,49
"LAUST440000000000004","Rhode Island",2024,"M01","2024 Jan",26348,6247,31.1,44,6247,31.1
"LAUST440000000000004","Rhode Island",2024,"M02","2024 Feb",29415,7510,34.3,44,7510,34.3
"LAUST440000000000004","Rhode Island",2024,"M03","2024 Mar",24501,7056,40.4,44,7056,40.4
"LAUST440000000000004","Rhode Island",2024,"M04","2024 Apr",21198,7965,60.2,44,7965,60.2
"LAUST440000000000004","Rhode Island",2024,"M05","2024 May",23442,9009,62.4,44,9009,62.4
"LAUST440000000000004","Rhode Island",2024,"M06","2024 Jun",24474,9718,65.9,44,9718,65.9
"LAUST440000000000004","Rhode Island",2024,"M07","2024 Jul",27831,12763,84.7,44,12763,84.7
"LAUST440000000000004","Rhode Island",2024,"M08","2024 Aug",29060,10256,54.5,44,10256,54.5
"LAUST440000000000004","Rhode Island",2024,"M09","2024 Sep",22840,7426,48.2,44,7426,48.2
"LAUST440000000000004","Rhode Island",2024,"M10","2024 Oct",23685,6162,35.2,44,6162,35.2
"LAUST440000000000004","Rhode Island",2024,"M11","2024 Nov",25671,6412,33.3,44,6412,33.3
"LAUST440000000000004","Rhode Island",2024,"M12","2024 Dec",24356,4406,22.1,44,4406,22.1
"LAUST440000000000004","Rhode Island",2025,"M01","2025 Jan",30465,4117,15.6,44,4117,15.6
"LAUST440000000000004","Rhode Island",2025,"M02","2025 Feb",32999,3584,12.2,44,3584,12.2
"LAUST440000000000004","Rhode Island",2025,"M03","2025 Mar",27746,3245,13.2,44,3245,13.2
"LAUST440000000000004","Rhode Island",2025,"M04","2025 Apr",23717,2519,11.9,44,2519,11.9
"LAUST440000000000004","Rhode Island",2025,"M05","2025 May",24617,1175,5,44,1175,5
"LAUST440000000000004","Rhode Island",2025,"M06","2025 Jun",24117,-357,-1.5,44,-357,-1.5
"LAUST440000000000004","Rhode Island",2025,"M07","2025 Jul",26184,-1647,-5.9,44,-1647,-5.9
"LAUST440000000000004","Rhode Island",2025,"M08","2025 Aug",27130,-1930,-6.6,44,-1930,-6.6
"LAUST440000000000004","Rhode Island",2025,"M09","2025 Sep",22337,-503,-2.2,44,-503,-2.2
"LAUST440000000000004","Rhode Island",2025,"M10","2025 Oct",NA,NA,NA,44,NA,NA
"LAUST440000000000004","Rhode Island",2025,"M11","2025 Nov",27645,1974,7.7,44,1974,7.7
"LAUST440000000000004","Rhode Island",2025,"M12","2025 Dec",26117,1761,7.2,44,1761,7.2
"LAUST450000000000004","South Carolina",2023,"M01","2023 Jan",82577,-7279,-8.1,45,-7279,-8.1
"LAUST450000000000004","South Carolina",2023,"M02","2023 Feb",86061,-4390,-4.9,45,-4390,-4.9
"LAUST450000000000004","South Carolina",2023,"M03","2023 Mar",74223,-1353,-1.8,45,-1353,-1.8
"LAUST450000000000004","South Carolina",2023,"M04","2023 Apr",55594,-6988,-11.2,45,-6988,-11.2
"LAUST450000000000004","South Carolina",2023,"M05","2023 May",64971,-5187,-7.4,45,-5187,-7.4
"LAUST450000000000004","South Carolina",2023,"M06","2023 Jun",80116,-4639,-5.5,45,-4639,-5.5
"LAUST450000000000004","South Carolina",2023,"M07","2023 Jul",75218,-6025,-7.4,45,-6025,-7.4
"LAUST450000000000004","South Carolina",2023,"M08","2023 Aug",69672,-13536,-16.3,45,-13536,-16.3
"LAUST450000000000004","South Carolina",2023,"M09","2023 Sep",68802,-3904,-5.4,45,-3904,-5.4
"LAUST450000000000004","South Carolina",2023,"M10","2023 Oct",79229,408,0.5,45,408,0.5
"LAUST450000000000004","South Carolina",2023,"M11","2023 Nov",76851,7165,10.3,45,7165,10.3
"LAUST450000000000004","South Carolina",2023,"M12","2023 Dec",80942,9829,13.8,45,9829,13.8
"LAUST450000000000004","South Carolina",2024,"M01","2024 Jan",92168,9591,11.6,45,9591,11.6
"LAUST450000000000004","South Carolina",2024,"M02","2024 Feb",99750,13689,15.9,45,13689,15.9
"LAUST450000000000004","South Carolina",2024,"M03","2024 Mar",92557,18334,24.7,45,18334,24.7
"LAUST450000000000004","South Carolina",2024,"M04","2024 Apr",81857,26263,47.2,45,26263,47.2
"LAUST450000000000004","South Carolina",2024,"M05","2024 May",96392,31421,48.4,45,31421,48.4
"LAUST450000000000004","South Carolina",2024,"M06","2024 Jun",119801,39685,49.5,45,39685,49.5
"LAUST450000000000004","South Carolina",2024,"M07","2024 Jul",126481,51263,68.2,45,51263,68.2
"LAUST450000000000004","South Carolina",2024,"M08","2024 Aug",126602,56930,81.7,45,56930,81.7
"LAUST450000000000004","South Carolina",2024,"M09","2024 Sep",106610,37808,55,45,37808,55
"LAUST450000000000004","South Carolina",2024,"M10","2024 Oct",111474,32245,40.7,45,32245,40.7
"LAUST450000000000004","South Carolina",2024,"M11","2024 Nov",108553,31702,41.3,45,31702,41.3
"LAUST450000000000004","South Carolina",2024,"M12","2024 Dec",101687,20745,25.6,45,20745,25.6
"LAUST450000000000004","South Carolina",2025,"M01","2025 Jan",111099,18931,20.5,45,18931,20.5
"LAUST450000000000004","South Carolina",2025,"M02","2025 Feb",115919,16169,16.2,45,16169,16.2
"LAUST450000000000004","South Carolina",2025,"M03","2025 Mar",106179,13622,14.7,45,13622,14.7
"LAUST450000000000004","South Carolina",2025,"M04","2025 Apr",95009,13152,16.1,45,13152,16.1
"LAUST450000000000004","South Carolina",2025,"M05","2025 May",101982,5590,5.8,45,5590,5.8
"LAUST450000000000004","South Carolina",2025,"M06","2025 Jun",119742,-59,0,45,-59,0
"LAUST450000000000004","South Carolina",2025,"M07","2025 Jul",125470,-1011,-0.8,45,-1011,-0.8
"LAUST450000000000004","South Carolina",2025,"M08","2025 Aug",126028,-574,-0.5,45,-574,-0.5
"LAUST450000000000004","South Carolina",2025,"M09","2025 Sep",117302,10692,10,45,10692,10
"LAUST450000000000004","South Carolina",2025,"M10","2025 Oct",NA,NA,NA,45,NA,NA
"LAUST450000000000004","South Carolina",2025,"M11","2025 Nov",132096,23543,21.7,45,23543,21.7
"LAUST450000000000004","South Carolina",2025,"M12","2025 Dec",128361,26674,26.2,45,26674,26.2
"LAUST460000000000004","South Dakota",2023,"M01","2023 Jan",8978,-1430,-13.7,46,-1430,-13.7
"LAUST460000000000004","South Dakota",2023,"M02","2023 Feb",10328,-517,-4.8,46,-517,-4.8
"LAUST460000000000004","South Dakota",2023,"M03","2023 Mar",8709,-526,-5.7,46,-526,-5.7
"LAUST460000000000004","South Dakota",2023,"M04","2023 Apr",9052,290,3.3,46,290,3.3
"LAUST460000000000004","South Dakota",2023,"M05","2023 May",8695,-158,-1.8,46,-158,-1.8
"LAUST460000000000004","South Dakota",2023,"M06","2023 Jun",9075,-563,-5.8,46,-563,-5.8
"LAUST460000000000004","South Dakota",2023,"M07","2023 Jul",7903,-580,-6.8,46,-580,-6.8
"LAUST460000000000004","South Dakota",2023,"M08","2023 Aug",9860,-492,-4.8,46,-492,-4.8
"LAUST460000000000004","South Dakota",2023,"M09","2023 Sep",7612,127,1.7,46,127,1.7
"LAUST460000000000004","South Dakota",2023,"M10","2023 Oct",8142,-75,-0.9,46,-75,-0.9
"LAUST460000000000004","South Dakota",2023,"M11","2023 Nov",7579,-803,-9.6,46,-803,-9.6
"LAUST460000000000004","South Dakota",2023,"M12","2023 Dec",8766,-571,-6.1,46,-571,-6.1
"LAUST460000000000004","South Dakota",2024,"M01","2024 Jan",9057,79,0.9,46,79,0.9
"LAUST460000000000004","South Dakota",2024,"M02","2024 Feb",10375,47,0.5,46,47,0.5
"LAUST460000000000004","South Dakota",2024,"M03","2024 Mar",7937,-772,-8.9,46,-772,-8.9
"LAUST460000000000004","South Dakota",2024,"M04","2024 Apr",8435,-617,-6.8,46,-617,-6.8
"LAUST460000000000004","South Dakota",2024,"M05","2024 May",8513,-182,-2.1,46,-182,-2.1
"LAUST460000000000004","South Dakota",2024,"M06","2024 Jun",9550,475,5.2,46,475,5.2
"LAUST460000000000004","South Dakota",2024,"M07","2024 Jul",8918,1015,12.8,46,1015,12.8
"LAUST460000000000004","South Dakota",2024,"M08","2024 Aug",9797,-63,-0.6,46,-63,-0.6
"LAUST460000000000004","South Dakota",2024,"M09","2024 Sep",7295,-317,-4.2,46,-317,-4.2
"LAUST460000000000004","South Dakota",2024,"M10","2024 Oct",7888,-254,-3.1,46,-254,-3.1
"LAUST460000000000004","South Dakota",2024,"M11","2024 Nov",8649,1070,14.1,46,1070,14.1
"LAUST460000000000004","South Dakota",2024,"M12","2024 Dec",9787,1021,11.6,46,1021,11.6
"LAUST460000000000004","South Dakota",2025,"M01","2025 Jan",10243,1186,13.1,46,1186,13.1
"LAUST460000000000004","South Dakota",2025,"M02","2025 Feb",11269,894,8.6,46,894,8.6
"LAUST460000000000004","South Dakota",2025,"M03","2025 Mar",9826,1889,23.8,46,1889,23.8
"LAUST460000000000004","South Dakota",2025,"M04","2025 Apr",9828,1393,16.5,46,1393,16.5
"LAUST460000000000004","South Dakota",2025,"M05","2025 May",9650,1137,13.4,46,1137,13.4
"LAUST460000000000004","South Dakota",2025,"M06","2025 Jun",10162,612,6.4,46,612,6.4
"LAUST460000000000004","South Dakota",2025,"M07","2025 Jul",9683,765,8.6,46,765,8.6
"LAUST460000000000004","South Dakota",2025,"M08","2025 Aug",11046,1249,12.7,46,1249,12.7
"LAUST460000000000004","South Dakota",2025,"M09","2025 Sep",9070,1775,24.3,46,1775,24.3
"LAUST460000000000004","South Dakota",2025,"M10","2025 Oct",NA,NA,NA,46,NA,NA
"LAUST460000000000004","South Dakota",2025,"M11","2025 Nov",10651,2002,23.1,46,2002,23.1
"LAUST460000000000004","South Dakota",2025,"M12","2025 Dec",11702,1915,19.6,46,1915,19.6
"LAUST470000000000004","Tennessee",2023,"M01","2023 Jan",119602,-5071,-4.1,47,-5071,-4.1
"LAUST470000000000004","Tennessee",2023,"M02","2023 Feb",115434,-81,-0.1,47,-81,-0.1
"LAUST470000000000004","Tennessee",2023,"M03","2023 Mar",108261,533,0.5,47,533,0.5
"LAUST470000000000004","Tennessee",2023,"M04","2023 Apr",91163,-11668,-11.3,47,-11668,-11.3
"LAUST470000000000004","Tennessee",2023,"M05","2023 May",105538,-874,-0.8,47,-874,-0.8
"LAUST470000000000004","Tennessee",2023,"M06","2023 Jun",127440,-8294,-6.1,47,-8294,-6.1
"LAUST470000000000004","Tennessee",2023,"M07","2023 Jul",120574,-5412,-4.3,47,-5412,-4.3
"LAUST470000000000004","Tennessee",2023,"M08","2023 Aug",113383,-5681,-4.8,47,-5681,-4.8
"LAUST470000000000004","Tennessee",2023,"M09","2023 Sep",111448,2654,2.4,47,2654,2.4
"LAUST470000000000004","Tennessee",2023,"M10","2023 Oct",112421,-1661,-1.5,47,-1661,-1.5
"LAUST470000000000004","Tennessee",2023,"M11","2023 Nov",103596,-4203,-3.9,47,-4203,-3.9
"LAUST470000000000004","Tennessee",2023,"M12","2023 Dec",99907,-305,-0.3,47,-305,-0.3
"LAUST470000000000004","Tennessee",2024,"M01","2024 Jan",114311,-5291,-4.4,47,-5291,-4.4
"LAUST470000000000004","Tennessee",2024,"M02","2024 Feb",105951,-9483,-8.2,47,-9483,-8.2
"LAUST470000000000004","Tennessee",2024,"M03","2024 Mar",107384,-877,-0.8,47,-877,-0.8
"LAUST470000000000004","Tennessee",2024,"M04","2024 Apr",96127,4964,5.4,47,4964,5.4
"LAUST470000000000004","Tennessee",2024,"M05","2024 May",102171,-3367,-3.2,47,-3367,-3.2
"LAUST470000000000004","Tennessee",2024,"M06","2024 Jun",134214,6774,5.3,47,6774,5.3
"LAUST470000000000004","Tennessee",2024,"M07","2024 Jul",137618,17044,14.1,47,17044,14.1
"LAUST470000000000004","Tennessee",2024,"M08","2024 Aug",126692,13309,11.7,47,13309,11.7
"LAUST470000000000004","Tennessee",2024,"M09","2024 Sep",119346,7898,7.1,47,7898,7.1
"LAUST470000000000004","Tennessee",2024,"M10","2024 Oct",120900,8479,7.5,47,8479,7.5
"LAUST470000000000004","Tennessee",2024,"M11","2024 Nov",120996,17400,16.8,47,17400,16.8
"LAUST470000000000004","Tennessee",2024,"M12","2024 Dec",114751,14844,14.9,47,14844,14.9
"LAUST470000000000004","Tennessee",2025,"M01","2025 Jan",128599,14288,12.5,47,14288,12.5
"LAUST470000000000004","Tennessee",2025,"M02","2025 Feb",122607,16656,15.7,47,16656,15.7
"LAUST470000000000004","Tennessee",2025,"M03","2025 Mar",119459,12075,11.2,47,12075,11.2
"LAUST470000000000004","Tennessee",2025,"M04","2025 Apr",106665,10538,11,47,10538,11
"LAUST470000000000004","Tennessee",2025,"M05","2025 May",115070,12899,12.6,47,12899,12.6
"LAUST470000000000004","Tennessee",2025,"M06","2025 Jun",139977,5763,4.3,47,5763,4.3
"LAUST470000000000004","Tennessee",2025,"M07","2025 Jul",141216,3598,2.6,47,3598,2.6
"LAUST470000000000004","Tennessee",2025,"M08","2025 Aug",125179,-1513,-1.2,47,-1513,-1.2
"LAUST470000000000004","Tennessee",2025,"M09","2025 Sep",124784,5438,4.6,47,5438,4.6
"LAUST470000000000004","Tennessee",2025,"M10","2025 Oct",NA,NA,NA,47,NA,NA
"LAUST470000000000004","Tennessee",2025,"M11","2025 Nov",126953,5957,4.9,47,5957,4.9
"LAUST470000000000004","Tennessee",2025,"M12","2025 Dec",118811,4060,3.5,47,4060,3.5
"LAUST480000000000004","Texas",2023,"M01","2023 Jan",642930,-37098,-5.5,48,-37098,-5.5
"LAUST480000000000004","Texas",2023,"M02","2023 Feb",664074,24563,3.8,48,24563,3.8
"LAUST480000000000004","Texas",2023,"M03","2023 Mar",613054,56949,10.2,48,56949,10.2
"LAUST480000000000004","Texas",2023,"M04","2023 Apr",536892,19453,3.8,48,19453,3.8
"LAUST480000000000004","Texas",2023,"M05","2023 May",594374,57475,10.7,48,57475,10.7
"LAUST480000000000004","Texas",2023,"M06","2023 Jun",639252,20552,3.3,48,20552,3.3
"LAUST480000000000004","Texas",2023,"M07","2023 Jul",649405,47089,7.8,48,47089,7.8
"LAUST480000000000004","Texas",2023,"M08","2023 Aug",660334,65223,11,48,65223,11
"LAUST480000000000004","Texas",2023,"M09","2023 Sep",618949,56736,10.1,48,56736,10.1
"LAUST480000000000004","Texas",2023,"M10","2023 Oct",590600,24192,4.3,48,24192,4.3
"LAUST480000000000004","Texas",2023,"M11","2023 Nov",564972,-7748,-1.4,48,-7748,-1.4
"LAUST480000000000004","Texas",2023,"M12","2023 Dec",561763,11365,2.1,48,11365,2.1
"LAUST480000000000004","Texas",2024,"M01","2024 Jan",635863,-7067,-1.1,48,-7067,-1.1
"LAUST480000000000004","Texas",2024,"M02","2024 Feb",660556,-3518,-0.5,48,-3518,-0.5
"LAUST480000000000004","Texas",2024,"M03","2024 Mar",613030,-24,0,48,-24,0
"LAUST480000000000004","Texas",2024,"M04","2024 Apr",554957,18065,3.4,48,18065,3.4
"LAUST480000000000004","Texas",2024,"M05","2024 May",593402,-972,-0.2,48,-972,-0.2
"LAUST480000000000004","Texas",2024,"M06","2024 Jun",698060,58808,9.2,48,58808,9.2
"LAUST480000000000004","Texas",2024,"M07","2024 Jul",717808,68403,10.5,48,68403,10.5
"LAUST480000000000004","Texas",2024,"M08","2024 Aug",706273,45939,7,48,45939,7
"LAUST480000000000004","Texas",2024,"M09","2024 Sep",651459,32510,5.3,48,32510,5.3
"LAUST480000000000004","Texas",2024,"M10","2024 Oct",644910,54310,9.2,48,54310,9.2
"LAUST480000000000004","Texas",2024,"M11","2024 Nov",652680,87708,15.5,48,87708,15.5
"LAUST480000000000004","Texas",2024,"M12","2024 Dec",595508,33745,6,48,33745,6
"LAUST480000000000004","Texas",2025,"M01","2025 Jan",660179,24316,3.8,48,24316,3.8
"LAUST480000000000004","Texas",2025,"M02","2025 Feb",674622,14066,2.1,48,14066,2.1
"LAUST480000000000004","Texas",2025,"M03","2025 Mar",634055,21025,3.4,48,21025,3.4
"LAUST480000000000004","Texas",2025,"M04","2025 Apr",593972,39015,7,48,39015,7
"LAUST480000000000004","Texas",2025,"M05","2025 May",625154,31752,5.4,48,31752,5.4
"LAUST480000000000004","Texas",2025,"M06","2025 Jun",673220,-24840,-3.6,48,-24840,-3.6
"LAUST480000000000004","Texas",2025,"M07","2025 Jul",708935,-8873,-1.2,48,-8873,-1.2
"LAUST480000000000004","Texas",2025,"M08","2025 Aug",728735,22462,3.2,48,22462,3.2
"LAUST480000000000004","Texas",2025,"M09","2025 Sep",711320,59861,9.2,48,59861,9.2
"LAUST480000000000004","Texas",2025,"M10","2025 Oct",NA,NA,NA,48,NA,NA
"LAUST480000000000004","Texas",2025,"M11","2025 Nov",683814,31134,4.8,48,31134,4.8
"LAUST480000000000004","Texas",2025,"M12","2025 Dec",623892,28384,4.8,48,28384,4.8
"LAUST490000000000004","Utah",2023,"M01","2023 Jan",47848,4900,11.4,49,4900,11.4
"LAUST490000000000004","Utah",2023,"M02","2023 Feb",50684,6997,16,49,6997,16
"LAUST490000000000004","Utah",2023,"M03","2023 Mar",47184,6672,16.5,49,6672,16.5
"LAUST490000000000004","Utah",2023,"M04","2023 Apr",43043,4350,11.2,49,4350,11.2
"LAUST490000000000004","Utah",2023,"M05","2023 May",47480,7188,17.8,49,7188,17.8
"LAUST490000000000004","Utah",2023,"M06","2023 Jun",51709,4777,10.2,49,4777,10.2
"LAUST490000000000004","Utah",2023,"M07","2023 Jul",49898,7725,18.3,49,7725,18.3
"LAUST490000000000004","Utah",2023,"M08","2023 Aug",54822,8781,19.1,49,8781,19.1
"LAUST490000000000004","Utah",2023,"M09","2023 Sep",48534,9978,25.9,49,9978,25.9
"LAUST490000000000004","Utah",2023,"M10","2023 Oct",49705,9103,22.4,49,9103,22.4
"LAUST490000000000004","Utah",2023,"M11","2023 Nov",48368,7373,18,49,7373,18
"LAUST490000000000004","Utah",2023,"M12","2023 Dec",48389,8765,22.1,49,8765,22.1
"LAUST490000000000004","Utah",2024,"M01","2024 Jan",55854,8006,16.7,49,8006,16.7
"LAUST490000000000004","Utah",2024,"M02","2024 Feb",61505,10821,21.3,49,10821,21.3
"LAUST490000000000004","Utah",2024,"M03","2024 Mar",58308,11124,23.6,49,11124,23.6
"LAUST490000000000004","Utah",2024,"M04","2024 Apr",55217,12174,28.3,49,12174,28.3
"LAUST490000000000004","Utah",2024,"M05","2024 May",58608,11128,23.4,49,11128,23.4
"LAUST490000000000004","Utah",2024,"M06","2024 Jun",66950,15241,29.5,49,15241,29.5
"LAUST490000000000004","Utah",2024,"M07","2024 Jul",66244,16346,32.8,49,16346,32.8
"LAUST490000000000004","Utah",2024,"M08","2024 Aug",67506,12684,23.1,49,12684,23.1
"LAUST490000000000004","Utah",2024,"M09","2024 Sep",57083,8549,17.6,49,8549,17.6
"LAUST490000000000004","Utah",2024,"M10","2024 Oct",57587,7882,15.9,49,7882,15.9
"LAUST490000000000004","Utah",2024,"M11","2024 Nov",57450,9082,18.8,49,9082,18.8
"LAUST490000000000004","Utah",2024,"M12","2024 Dec",55588,7199,14.9,49,7199,14.9
"LAUST490000000000004","Utah",2025,"M01","2025 Jan",62448,6594,11.8,49,6594,11.8
"LAUST490000000000004","Utah",2025,"M02","2025 Feb",66600,5095,8.3,49,5095,8.3
"LAUST490000000000004","Utah",2025,"M03","2025 Mar",63247,4939,8.5,49,4939,8.5
"LAUST490000000000004","Utah",2025,"M04","2025 Apr",61051,5834,10.6,49,5834,10.6
"LAUST490000000000004","Utah",2025,"M05","2025 May",62966,4358,7.4,49,4358,7.4
"LAUST490000000000004","Utah",2025,"M06","2025 Jun",68975,2025,3,49,2025,3
"LAUST490000000000004","Utah",2025,"M07","2025 Jul",67212,968,1.5,49,968,1.5
"LAUST490000000000004","Utah",2025,"M08","2025 Aug",69895,2389,3.5,49,2389,3.5
"LAUST490000000000004","Utah",2025,"M09","2025 Sep",64748,7665,13.4,49,7665,13.4
"LAUST490000000000004","Utah",2025,"M10","2025 Oct",NA,NA,NA,49,NA,NA
"LAUST490000000000004","Utah",2025,"M11","2025 Nov",68201,10751,18.7,49,10751,18.7
"LAUST490000000000004","Utah",2025,"M12","2025 Dec",63894,8306,14.9,49,8306,14.9
"LAUST500000000000004","Vermont",2023,"M01","2023 Jan",8942,-1356,-13.2,50,-1356,-13.2
"LAUST500000000000004","Vermont",2023,"M02","2023 Feb",8701,-530,-5.7,50,-530,-5.7
"LAUST500000000000004","Vermont",2023,"M03","2023 Mar",7348,-843,-10.3,50,-843,-10.3
"LAUST500000000000004","Vermont",2023,"M04","2023 Apr",6345,-2010,-24.1,50,-2010,-24.1
"LAUST500000000000004","Vermont",2023,"M05","2023 May",5511,-1698,-23.6,50,-1698,-23.6
"LAUST500000000000004","Vermont",2023,"M06","2023 Jun",6722,-1923,-22.2,50,-1923,-22.2
"LAUST500000000000004","Vermont",2023,"M07","2023 Jul",6134,-1638,-21.1,50,-1638,-21.1
"LAUST500000000000004","Vermont",2023,"M08","2023 Aug",6921,-1170,-14.5,50,-1170,-14.5
"LAUST500000000000004","Vermont",2023,"M09","2023 Sep",6463,-998,-13.4,50,-998,-13.4
"LAUST500000000000004","Vermont",2023,"M10","2023 Oct",5192,-891,-14.6,50,-891,-14.6
"LAUST500000000000004","Vermont",2023,"M11","2023 Nov",6379,-1075,-14.4,50,-1075,-14.4
"LAUST500000000000004","Vermont",2023,"M12","2023 Dec",6825,-482,-6.6,50,-482,-6.6
"LAUST500000000000004","Vermont",2024,"M01","2024 Jan",8952,10,0.1,50,10,0.1
"LAUST500000000000004","Vermont",2024,"M02","2024 Feb",8836,135,1.6,50,135,1.6
"LAUST500000000000004","Vermont",2024,"M03","2024 Mar",7798,450,6.1,50,450,6.1
"LAUST500000000000004","Vermont",2024,"M04","2024 Apr",8006,1661,26.2,50,1661,26.2
"LAUST500000000000004","Vermont",2024,"M05","2024 May",6901,1390,25.2,50,1390,25.2
"LAUST500000000000004","Vermont",2024,"M06","2024 Jun",8081,1359,20.2,50,1359,20.2
"LAUST500000000000004","Vermont",2024,"M07","2024 Jul",8386,2252,36.7,50,2252,36.7
"LAUST500000000000004","Vermont",2024,"M08","2024 Aug",8673,1752,25.3,50,1752,25.3
"LAUST500000000000004","Vermont",2024,"M09","2024 Sep",7966,1503,23.3,50,1503,23.3
"LAUST500000000000004","Vermont",2024,"M10","2024 Oct",6681,1489,28.7,50,1489,28.7
"LAUST500000000000004","Vermont",2024,"M11","2024 Nov",8494,2115,33.2,50,2115,33.2
"LAUST500000000000004","Vermont",2024,"M12","2024 Dec",8559,1734,25.4,50,1734,25.4
"LAUST500000000000004","Vermont",2025,"M01","2025 Jan",10628,1676,18.7,50,1676,18.7
"LAUST500000000000004","Vermont",2025,"M02","2025 Feb",10650,1814,20.5,50,1814,20.5
"LAUST500000000000004","Vermont",2025,"M03","2025 Mar",9805,2007,25.7,50,2007,25.7
"LAUST500000000000004","Vermont",2025,"M04","2025 Apr",9616,1610,20.1,50,1610,20.1
"LAUST500000000000004","Vermont",2025,"M05","2025 May",8037,1136,16.5,50,1136,16.5
"LAUST500000000000004","Vermont",2025,"M06","2025 Jun",9208,1127,13.9,50,1127,13.9
"LAUST500000000000004","Vermont",2025,"M07","2025 Jul",9013,627,7.5,50,627,7.5
"LAUST500000000000004","Vermont",2025,"M08","2025 Aug",9121,448,5.2,50,448,5.2
"LAUST500000000000004","Vermont",2025,"M09","2025 Sep",8745,779,9.8,50,779,9.8
"LAUST500000000000004","Vermont",2025,"M10","2025 Oct",NA,NA,NA,50,NA,NA
"LAUST500000000000004","Vermont",2025,"M11","2025 Nov",9311,817,9.6,50,817,9.6
"LAUST500000000000004","Vermont",2025,"M12","2025 Dec",8982,423,4.9,50,423,4.9
"LAUST510000000000004","Virginia",2023,"M01","2023 Jan",129625,13002,11.1,51,13002,11.1
"LAUST510000000000004","Virginia",2023,"M02","2023 Feb",126593,15031,13.5,51,15031,13.5
"LAUST510000000000004","Virginia",2023,"M03","2023 Mar",121620,11612,10.6,51,11612,10.6
"LAUST510000000000004","Virginia",2023,"M04","2023 Apr",103505,2373,2.3,51,2373,2.3
"LAUST510000000000004","Virginia",2023,"M05","2023 May",121508,2107,1.8,51,2107,1.8
"LAUST510000000000004","Virginia",2023,"M06","2023 Jun",129075,-403,-0.3,51,-403,-0.3
"LAUST510000000000004","Virginia",2023,"M07","2023 Jul",124242,-4594,-3.6,51,-4594,-3.6
"LAUST510000000000004","Virginia",2023,"M08","2023 Aug",137245,-6206,-4.3,51,-6206,-4.3
"LAUST510000000000004","Virginia",2023,"M09","2023 Sep",126652,3818,3.1,51,3818,3.1
"LAUST510000000000004","Virginia",2023,"M10","2023 Oct",124038,4131,3.4,51,4131,3.4
"LAUST510000000000004","Virginia",2023,"M11","2023 Nov",119988,-2449,-2,51,-2449,-2
"LAUST510000000000004","Virginia",2023,"M12","2023 Dec",107806,1361,1.3,51,1361,1.3
"LAUST510000000000004","Virginia",2024,"M01","2024 Jan",126058,-3567,-2.8,51,-3567,-2.8
"LAUST510000000000004","Virginia",2024,"M02","2024 Feb",129754,3161,2.5,51,3161,2.5
"LAUST510000000000004","Virginia",2024,"M03","2024 Mar",123118,1498,1.2,51,1498,1.2
"LAUST510000000000004","Virginia",2024,"M04","2024 Apr",111920,8415,8.1,51,8415,8.1
"LAUST510000000000004","Virginia",2024,"M05","2024 May",128090,6582,5.4,51,6582,5.4
"LAUST510000000000004","Virginia",2024,"M06","2024 Jun",142348,13273,10.3,51,13273,10.3
"LAUST510000000000004","Virginia",2024,"M07","2024 Jul",149376,25134,20.2,51,25134,20.2
"LAUST510000000000004","Virginia",2024,"M08","2024 Aug",152990,15745,11.5,51,15745,11.5
"LAUST510000000000004","Virginia",2024,"M09","2024 Sep",133834,7182,5.7,51,7182,5.7
"LAUST510000000000004","Virginia",2024,"M10","2024 Oct",134293,10255,8.3,51,10255,8.3
"LAUST510000000000004","Virginia",2024,"M11","2024 Nov",138818,18830,15.7,51,18830,15.7
"LAUST510000000000004","Virginia",2024,"M12","2024 Dec",122633,14827,13.8,51,14827,13.8
"LAUST510000000000004","Virginia",2025,"M01","2025 Jan",146502,20444,16.2,51,20444,16.2
"LAUST510000000000004","Virginia",2025,"M02","2025 Feb",149379,19625,15.1,51,19625,15.1
"LAUST510000000000004","Virginia",2025,"M03","2025 Mar",148197,25079,20.4,51,25079,20.4
"LAUST510000000000004","Virginia",2025,"M04","2025 Apr",134592,22672,20.3,51,22672,20.3
"LAUST510000000000004","Virginia",2025,"M05","2025 May",147857,19767,15.4,51,19767,15.4
"LAUST510000000000004","Virginia",2025,"M06","2025 Jun",157689,15341,10.8,51,15341,10.8
"LAUST510000000000004","Virginia",2025,"M07","2025 Jul",158365,8989,6,51,8989,6
"LAUST510000000000004","Virginia",2025,"M08","2025 Aug",163503,10513,6.9,51,10513,6.9
"LAUST510000000000004","Virginia",2025,"M09","2025 Sep",153178,19344,14.5,51,19344,14.5
"LAUST510000000000004","Virginia",2025,"M10","2025 Oct",NA,NA,NA,51,NA,NA
"LAUST510000000000004","Virginia",2025,"M11","2025 Nov",176180,37362,26.9,51,37362,26.9
"LAUST510000000000004","Virginia",2025,"M12","2025 Dec",155172,32539,26.5,51,32539,26.5
"LAUST530000000000004","Washington",2023,"M01","2023 Jan",181196,-2913,-1.6,53,-2913,-1.6
"LAUST530000000000004","Washington",2023,"M02","2023 Feb",183341,8476,4.8,53,8476,4.8
"LAUST530000000000004","Washington",2023,"M03","2023 Mar",166611,5937,3.7,53,5937,3.7
"LAUST530000000000004","Washington",2023,"M04","2023 Apr",143397,1232,0.9,53,1232,0.9
"LAUST530000000000004","Washington",2023,"M05","2023 May",149548,3899,2.7,53,3899,2.7
"LAUST530000000000004","Washington",2023,"M06","2023 Jun",153609,-1322,-0.9,53,-1322,-0.9
"LAUST530000000000004","Washington",2023,"M07","2023 Jul",163276,5712,3.6,53,5712,3.6
"LAUST530000000000004","Washington",2023,"M08","2023 Aug",180891,6344,3.6,53,6344,3.6
"LAUST530000000000004","Washington",2023,"M09","2023 Sep",168798,14684,9.5,53,14684,9.5
"LAUST530000000000004","Washington",2023,"M10","2023 Oct",176668,16470,10.3,53,16470,10.3
"LAUST530000000000004","Washington",2023,"M11","2023 Nov",177168,13424,8.2,53,13424,8.2
"LAUST530000000000004","Washington",2023,"M12","2023 Dec",188735,21300,12.7,53,21300,12.7
"LAUST530000000000004","Washington",2024,"M01","2024 Jan",202119,20923,11.5,53,20923,11.5
"LAUST530000000000004","Washington",2024,"M02","2024 Feb",207433,24092,13.1,53,24092,13.1
"LAUST530000000000004","Washington",2024,"M03","2024 Mar",188665,22054,13.2,53,22054,13.2
"LAUST530000000000004","Washington",2024,"M04","2024 Apr",165091,21694,15.1,53,21694,15.1
"LAUST530000000000004","Washington",2024,"M05","2024 May",172072,22524,15.1,53,22524,15.1
"LAUST530000000000004","Washington",2024,"M06","2024 Jun",178854,25245,16.4,53,25245,16.4
"LAUST530000000000004","Washington",2024,"M07","2024 Jul",190393,27117,16.6,53,27117,16.6
"LAUST530000000000004","Washington",2024,"M08","2024 Aug",188495,7604,4.2,53,7604,4.2
"LAUST530000000000004","Washington",2024,"M09","2024 Sep",165808,-2990,-1.8,53,-2990,-1.8
"LAUST530000000000004","Washington",2024,"M10","2024 Oct",171345,-5323,-3,53,-5323,-3
"LAUST530000000000004","Washington",2024,"M11","2024 Nov",175381,-1787,-1,53,-1787,-1
"LAUST530000000000004","Washington",2024,"M12","2024 Dec",173413,-15322,-8.1,53,-15322,-8.1
"LAUST530000000000004","Washington",2025,"M01","2025 Jan",190633,-11486,-5.7,53,-11486,-5.7
"LAUST530000000000004","Washington",2025,"M02","2025 Feb",202275,-5158,-2.5,53,-5158,-2.5
"LAUST530000000000004","Washington",2025,"M03","2025 Mar",187769,-896,-0.5,53,-896,-0.5
"LAUST530000000000004","Washington",2025,"M04","2025 Apr",170234,5143,3.1,53,5143,3.1
"LAUST530000000000004","Washington",2025,"M05","2025 May",172569,497,0.3,53,497,0.3
"LAUST530000000000004","Washington",2025,"M06","2025 Jun",173399,-5455,-3,53,-5455,-3
"LAUST530000000000004","Washington",2025,"M07","2025 Jul",186893,-3500,-1.8,53,-3500,-1.8
"LAUST530000000000004","Washington",2025,"M08","2025 Aug",191926,3431,1.8,53,3431,1.8
"LAUST530000000000004","Washington",2025,"M09","2025 Sep",182505,16697,10.1,53,16697,10.1
"LAUST530000000000004","Washington",2025,"M10","2025 Oct",NA,NA,NA,53,NA,NA
"LAUST530000000000004","Washington",2025,"M11","2025 Nov",215065,39684,22.6,53,39684,22.6
"LAUST530000000000004","Washington",2025,"M12","2025 Dec",214406,40993,23.6,53,40993,23.6
"LAUST540000000000004","West Virginia",2023,"M01","2023 Jan",32165,-5446,-14.5,54,-5446,-14.5
"LAUST540000000000004","West Virginia",2023,"M02","2023 Feb",32727,-5334,-14,54,-5334,-14
"LAUST540000000000004","West Virginia",2023,"M03","2023 Mar",31840,-2347,-6.9,54,-2347,-6.9
"LAUST540000000000004","West Virginia",2023,"M04","2023 Apr",28099,-1773,-5.9,54,-1773,-5.9
"LAUST540000000000004","West Virginia",2023,"M05","2023 May",28608,158,0.6,54,158,0.6
"LAUST540000000000004","West Virginia",2023,"M06","2023 Jun",32191,-1489,-4.4,54,-1489,-4.4
"LAUST540000000000004","West Virginia",2023,"M07","2023 Jul",30551,-1271,-4,54,-1271,-4
"LAUST540000000000004","West Virginia",2023,"M08","2023 Aug",34372,1493,4.5,54,1493,4.5
"LAUST540000000000004","West Virginia",2023,"M09","2023 Sep",28940,3989,16,54,3989,16
"LAUST540000000000004","West Virginia",2023,"M10","2023 Oct",28307,3286,13.1,54,3286,13.1
"LAUST540000000000004","West Virginia",2023,"M11","2023 Nov",27990,2205,8.6,54,2205,8.6
"LAUST540000000000004","West Virginia",2023,"M12","2023 Dec",29970,4960,19.8,54,4960,19.8
"LAUST540000000000004","West Virginia",2024,"M01","2024 Jan",37224,5059,15.7,54,5059,15.7
"LAUST540000000000004","West Virginia",2024,"M02","2024 Feb",39673,6946,21.2,54,6946,21.2
"LAUST540000000000004","West Virginia",2024,"M03","2024 Mar",36597,4757,14.9,54,4757,14.9
"LAUST540000000000004","West Virginia",2024,"M04","2024 Apr",29662,1563,5.6,54,1563,5.6
"LAUST540000000000004","West Virginia",2024,"M05","2024 May",29391,783,2.7,54,783,2.7
"LAUST540000000000004","West Virginia",2024,"M06","2024 Jun",34465,2274,7.1,54,2274,7.1
"LAUST540000000000004","West Virginia",2024,"M07","2024 Jul",34614,4063,13.3,54,4063,13.3
"LAUST540000000000004","West Virginia",2024,"M08","2024 Aug",33884,-488,-1.4,54,-488,-1.4
"LAUST540000000000004","West Virginia",2024,"M09","2024 Sep",28086,-854,-3,54,-854,-3
"LAUST540000000000004","West Virginia",2024,"M10","2024 Oct",26338,-1969,-7,54,-1969,-7
"LAUST540000000000004","West Virginia",2024,"M11","2024 Nov",26994,-996,-3.6,54,-996,-3.6
"LAUST540000000000004","West Virginia",2024,"M12","2024 Dec",26925,-3045,-10.2,54,-3045,-10.2
"LAUST540000000000004","West Virginia",2025,"M01","2025 Jan",34372,-2852,-7.7,54,-2852,-7.7
"LAUST540000000000004","West Virginia",2025,"M02","2025 Feb",35157,-4516,-11.4,54,-4516,-11.4
"LAUST540000000000004","West Virginia",2025,"M03","2025 Mar",33180,-3417,-9.3,54,-3417,-9.3
"LAUST540000000000004","West Virginia",2025,"M04","2025 Apr",29058,-604,-2,54,-604,-2
"LAUST540000000000004","West Virginia",2025,"M05","2025 May",28868,-523,-1.8,54,-523,-1.8
"LAUST540000000000004","West Virginia",2025,"M06","2025 Jun",33294,-1171,-3.4,54,-1171,-3.4
"LAUST540000000000004","West Virginia",2025,"M07","2025 Jul",32968,-1646,-4.8,54,-1646,-4.8
"LAUST540000000000004","West Virginia",2025,"M08","2025 Aug",35683,1799,5.3,54,1799,5.3
"LAUST540000000000004","West Virginia",2025,"M09","2025 Sep",32601,4515,16.1,54,4515,16.1
"LAUST540000000000004","West Virginia",2025,"M10","2025 Oct",NA,NA,NA,54,NA,NA
"LAUST540000000000004","West Virginia",2025,"M11","2025 Nov",35312,8318,30.8,54,8318,30.8
"LAUST540000000000004","West Virginia",2025,"M12","2025 Dec",34870,7945,29.5,54,7945,29.5
"LAUST550000000000004","Wisconsin",2023,"M01","2023 Jan",89067,-17214,-16.2,55,-17214,-16.2
"LAUST550000000000004","Wisconsin",2023,"M02","2023 Feb",99724,-12643,-11.3,55,-12643,-11.3
"LAUST550000000000004","Wisconsin",2023,"M03","2023 Mar",94609,-10528,-10,55,-10528,-10
"LAUST550000000000004","Wisconsin",2023,"M04","2023 Apr",80159,-7747,-8.8,55,-7747,-8.8
"LAUST550000000000004","Wisconsin",2023,"M05","2023 May",84069,4295,5.4,55,4295,5.4
"LAUST550000000000004","Wisconsin",2023,"M06","2023 Jun",102997,2688,2.7,55,2688,2.7
"LAUST550000000000004","Wisconsin",2023,"M07","2023 Jul",95674,1450,1.5,55,1450,1.5
"LAUST550000000000004","Wisconsin",2023,"M08","2023 Aug",99801,8766,9.6,55,8766,9.6
"LAUST550000000000004","Wisconsin",2023,"M09","2023 Sep",82642,7983,10.7,55,7983,10.7
"LAUST550000000000004","Wisconsin",2023,"M10","2023 Oct",76844,8870,13,55,8870,13
"LAUST550000000000004","Wisconsin",2023,"M11","2023 Nov",74847,7028,10.4,55,7028,10.4
"LAUST550000000000004","Wisconsin",2023,"M12","2023 Dec",79058,11234,16.6,55,11234,16.6
"LAUST550000000000004","Wisconsin",2024,"M01","2024 Jan",93104,4037,4.5,55,4037,4.5
"LAUST550000000000004","Wisconsin",2024,"M02","2024 Feb",110451,10727,10.8,55,10727,10.8
"LAUST550000000000004","Wisconsin",2024,"M03","2024 Mar",110058,15449,16.3,55,15449,16.3
"LAUST550000000000004","Wisconsin",2024,"M04","2024 Apr",92398,12239,15.3,55,12239,15.3
"LAUST550000000000004","Wisconsin",2024,"M05","2024 May",88531,4462,5.3,55,4462,5.3
"LAUST550000000000004","Wisconsin",2024,"M06","2024 Jun",106104,3107,3,55,3107,3
"LAUST550000000000004","Wisconsin",2024,"M07","2024 Jul",104764,9090,9.5,55,9090,9.5
"LAUST550000000000004","Wisconsin",2024,"M08","2024 Aug",94561,-5240,-5.3,55,-5240,-5.3
"LAUST550000000000004","Wisconsin",2024,"M09","2024 Sep",80918,-1724,-2.1,55,-1724,-2.1
"LAUST550000000000004","Wisconsin",2024,"M10","2024 Oct",79065,2221,2.9,55,2221,2.9
"LAUST550000000000004","Wisconsin",2024,"M11","2024 Nov",84767,9920,13.3,55,9920,13.3
"LAUST550000000000004","Wisconsin",2024,"M12","2024 Dec",89160,10102,12.8,55,10102,12.8
"LAUST550000000000004","Wisconsin",2025,"M01","2025 Jan",109435,16331,17.5,55,16331,17.5
"LAUST550000000000004","Wisconsin",2025,"M02","2025 Feb",120343,9892,9,55,9892,9
"LAUST550000000000004","Wisconsin",2025,"M03","2025 Mar",116700,6642,6,55,6642,6
"LAUST550000000000004","Wisconsin",2025,"M04","2025 Apr",99995,7597,8.2,55,7597,8.2
"LAUST550000000000004","Wisconsin",2025,"M05","2025 May",93847,5316,6,55,5316,6
"LAUST550000000000004","Wisconsin",2025,"M06","2025 Jun",104353,-1751,-1.7,55,-1751,-1.7
"LAUST550000000000004","Wisconsin",2025,"M07","2025 Jul",102330,-2434,-2.3,55,-2434,-2.3
"LAUST550000000000004","Wisconsin",2025,"M08","2025 Aug",97420,2859,3,55,2859,3
"LAUST550000000000004","Wisconsin",2025,"M09","2025 Sep",83065,2147,2.7,55,2147,2.7
"LAUST550000000000004","Wisconsin",2025,"M10","2025 Oct",NA,NA,NA,55,NA,NA
"LAUST550000000000004","Wisconsin",2025,"M11","2025 Nov",90358,5591,6.6,55,5591,6.6
"LAUST550000000000004","Wisconsin",2025,"M12","2025 Dec",94795,5635,6.3,55,5635,6.3
"LAUST560000000000004","Wyoming",2023,"M01","2023 Jan",11919,-808,-6.3,56,-808,-6.3
"LAUST560000000000004","Wyoming",2023,"M02","2023 Feb",11060,-792,-6.7,56,-792,-6.7
"LAUST560000000000004","Wyoming",2023,"M03","2023 Mar",10551,-509,-4.6,56,-509,-4.6
"LAUST560000000000004","Wyoming",2023,"M04","2023 Apr",8500,-1465,-14.7,56,-1465,-14.7
"LAUST560000000000004","Wyoming",2023,"M05","2023 May",7966,-1449,-15.4,56,-1449,-15.4
"LAUST560000000000004","Wyoming",2023,"M06","2023 Jun",8308,-2063,-19.9,56,-2063,-19.9
"LAUST560000000000004","Wyoming",2023,"M07","2023 Jul",7446,-1783,-19.3,56,-1783,-19.3
"LAUST560000000000004","Wyoming",2023,"M08","2023 Aug",7297,-2070,-22.1,56,-2070,-22.1
"LAUST560000000000004","Wyoming",2023,"M09","2023 Sep",6760,-1685,-20,56,-1685,-20
"LAUST560000000000004","Wyoming",2023,"M10","2023 Oct",7066,-1714,-19.5,56,-1714,-19.5
"LAUST560000000000004","Wyoming",2023,"M11","2023 Nov",8055,-1519,-15.9,56,-1519,-15.9
"LAUST560000000000004","Wyoming",2023,"M12","2023 Dec",7860,-1831,-18.9,56,-1831,-18.9
"LAUST560000000000004","Wyoming",2024,"M01","2024 Jan",10501,-1418,-11.9,56,-1418,-11.9
"LAUST560000000000004","Wyoming",2024,"M02","2024 Feb",10322,-738,-6.7,56,-738,-6.7
"LAUST560000000000004","Wyoming",2024,"M03","2024 Mar",10096,-455,-4.3,56,-455,-4.3
"LAUST560000000000004","Wyoming",2024,"M04","2024 Apr",8606,106,1.2,56,106,1.2
"LAUST560000000000004","Wyoming",2024,"M05","2024 May",8375,409,5.1,56,409,5.1
"LAUST560000000000004","Wyoming",2024,"M06","2024 Jun",9176,868,10.4,56,868,10.4
"LAUST560000000000004","Wyoming",2024,"M07","2024 Jul",8743,1297,17.4,56,1297,17.4
"LAUST560000000000004","Wyoming",2024,"M08","2024 Aug",8571,1274,17.5,56,1274,17.5
"LAUST560000000000004","Wyoming",2024,"M09","2024 Sep",7541,781,11.6,56,781,11.6
"LAUST560000000000004","Wyoming",2024,"M10","2024 Oct",8342,1276,18.1,56,1276,18.1
"LAUST560000000000004","Wyoming",2024,"M11","2024 Nov",9642,1587,19.7,56,1587,19.7
"LAUST560000000000004","Wyoming",2024,"M12","2024 Dec",9636,1776,22.6,56,1776,22.6
"LAUST560000000000004","Wyoming",2025,"M01","2025 Jan",11713,1212,11.5,56,1212,11.5
"LAUST560000000000004","Wyoming",2025,"M02","2025 Feb",10876,554,5.4,56,554,5.4
"LAUST560000000000004","Wyoming",2025,"M03","2025 Mar",10573,477,4.7,56,477,4.7
"LAUST560000000000004","Wyoming",2025,"M04","2025 Apr",9151,545,6.3,56,545,6.3
"LAUST560000000000004","Wyoming",2025,"M05","2025 May",8935,560,6.7,56,560,6.7
"LAUST560000000000004","Wyoming",2025,"M06","2025 Jun",9647,471,5.1,56,471,5.1
"LAUST560000000000004","Wyoming",2025,"M07","2025 Jul",8411,-332,-3.8,56,-332,-3.8
"LAUST560000000000004","Wyoming",2025,"M08","2025 Aug",8137,-434,-5.1,56,-434,-5.1
"LAUST560000000000004","Wyoming",2025,"M09","2025 Sep",8197,656,8.7,56,656,8.7
"LAUST560000000000004","Wyoming",2025,"M10","2025 Oct",NA,NA,NA,56,NA,NA
"LAUST560000000000004","Wyoming",2025,"M11","2025 Nov",10795,1153,12,56,1153,12
"LAUST560000000000004","Wyoming",2025,"M12","2025 Dec",10429,793,8.2,56,793,8.2
